Workbook

Sheet Consolidated Games
A1: MAJOR GAME | B1: YEAR | C1: SPORT GROUP | D1: SPORT | E1: DISCIPLINE | F1: EVENT_GENDER | G1: EVENT | H1: ORIGNAL_SPORT | I1: ORIGINAL_EVENT | J1: ATHLETE_NAME | K1: COUNTRY_CODE | L1: POSITION | M1: MEDAL_COLOUR | N1: MEDAL_POSITION | O1: COUNT | P1: IS DEMO SPORT | Q1: SGP PARTICIPATED? | R1: REMARKS | S1: CHANGE_LOG_# | T1: ROW_ID
A2: SEA GAMES | B2: 1967 | C2: CYCLING | D2: CYCLING | E2: TRACK | F2: MEN | H2: Cycling | I2: SMALL BORE RIFLE PRONE-_x000D_ INDIVIDUAL | K2: SGP | L2: 2 | M2: SILVER | N2: 2 | O2: 1 | P2: NO | Q2: YES | S2: {=IFERROR(_xlfn.TEXTJOIN(", ",TRUE,IF(ChangeLog[ROW_ID]=$T2,ChangeLog[Change'#],"")),"")} -> 385 | T2: 890
A3: SEA GAMES | B3: 1991 | C3: ATHLETICS | D3: ATHLETICS | E3: COMBINED | F3: WOMEN | G3: HEPTATHLON | H3: Athletics | I3: HEPATHLON | J3: YU LONG NYU | K3: SGP | L3: 3 | M3: BRONZE | N3: 3 | O3: 1 | P3: NO | Q3: YES | R3: 4, 831 POINTS | S3: {=IFERROR(_xlfn.TEXTJOIN(", ",TRUE,IF(ChangeLog[ROW_ID]=$T3,ChangeLog[Change'#],"")),"")} | T3: 1998
A4: SEA GAMES | B4: 1971 | C4: AQUATICS | D4: DIVING | E4: DIVING | F4: WOMEN | G4: 3M SPRINGBOARD | H4: Swimming | I4: SPRINGBOARD DIVING | J4: NORA TAY | K4: SGP | L4: 1 | M4: GOLD | N4: 1 | O4: 1 | P4: NO | Q4: YES | R4: 271.77 POINTS | S4: {=IFERROR(_xlfn.TEXTJOIN(", ",TRUE,IF(ChangeLog[ROW_ID]=$T4,ChangeLog[Change'#],"")),"")} -> 27 | T4: 1009
A5: SEA GAMES | B5: 1971 | C5: AQUATICS | D5: WATER POLO | E5: WATER POLO | G5: TEAM | H5: Waterpolo | J5: SINGAPORE | K5: SGP | L5: 1 | M5: GOLD | N5: 1 | O5: 1 | P5: NO | Q5: YES | S5: {=IFERROR(_xlfn.TEXTJOIN(", ",TRUE,IF(ChangeLog[ROW_ID]=$T5,ChangeLog[Change'#],"")),"")} -> 28 | T5: 1010
A6: SEA GAMES | B6: 1971 | C6: AQUATICS | D6: SWIMMING | E6: SWIMMING | G6: 200M BREASTSTROKE | H6: Swimming | I6: 200 METRES BREASTSTROKE | J6: ALAN R LELAH | K6: SGP | L6: 3 | M6: BRONZE | N6: 3 | O6: 1 | P6: NO | Q6: YES | R6: 2: 44.21 SEC | S6: {=IFERROR(_xlfn.TEXTJOIN(", ",TRUE,IF(ChangeLog[ROW_ID]=$T6,ChangeLog[Change'#],"")),"")} | T6: 1011
A7: SEA GAMES | B7: 1971 | C7: AQUATICS | D7: SWIMMING | E7: SWIMMING | F7: WOMEN | G7: 100M FREESTYLE | H7: Swimming | I7: 100 METRES FREESTYLE | J7: ELAINE SNG | K7: SGP | L7: 3 | M7: BRONZE | N7: 3 | O7: 1 | P7: NO | Q7: YES | R7: 1: 06.38 SEC | S7: {=IFERROR(_xlfn.TEXTJOIN(", ",TRUE,IF(ChangeLog[ROW_ID]=$T7,ChangeLog[Change'#],"")),"")} | T7: 1012
A8: SEA GAMES | B8: 1975 | C8: CYCLING | D8: CYCLING | E8: TRACK | G8: 170KM MASSED START TEAM | H8: Cycling | I8: 170M MASSED START TEAM | J8: SINGAPORE | K8: SGP | L8: 2 | M8: SILVER | N8: 2 | O8: 1 | P8: NO | Q8: YES | R8: 25569.61 | S8: {=IFERROR(_xlfn.TEXTJOIN(", ",TRUE,IF(ChangeLog[ROW_ID]=$T8,ChangeLog[Change'#],"")),"")} -> 394 | T8: 1330
A9: SEA GAMES | B9: 1991 | C9: BADMINTON | D9: BADMINTON | E9: BADMINTON | F9: MEN | G9: TEAM | H9: Badminton | I9: MEN'S TEAM | J9: SINGAPORE | K9: SGP | L9: 3 | M9: BRONZE | N9: 3 | O9: 1 | P9: NO | Q9: YES | S9: {=IFERROR(_xlfn.TEXTJOIN(", ",TRUE,IF(ChangeLog[ROW_ID]=$T9,ChangeLog[Change'#],"")),"")} | T9: 1999
A10: SEA GAMES | B10: 1991 | C10: BODYBUILDING | D10: BODYBUILDING | E10: BODYBUILDING | F10: MEN | G10: 65KG | H10: BODYBUILDING | I10: BANTAMWEIGHT | J10: IBRAHIM SIHAT | K10: SGP | L10: 1 | M10: GOLD | N10: 1 | O10: 1 | P10: NO | Q10: YES | S10: {=IFERROR(_xlfn.TEXTJOIN(", ",TRUE,IF(ChangeLog[ROW_ID]=$T10,ChangeLog[Change'#],"")),"")} -> 95 | T10: 2002
A11: ASIAN GAMES | B11: 1951 | C11: ATHLETICS | D11: ATHLETICS | E11: TRACK | F11: WOMEN | G11: 200M | H11: ATHLETICS | I11: WOMEN'S 200M (27.2) | J11: LORENZA DOWDESWELL | K11: SGP | M11: SILVER | N11: 2 | O11: 1 | P11: NO | Q11: YES | R11: 27.2 | S11: {=IFERROR(_xlfn.TEXTJOIN(", ",TRUE,IF(ChangeLog[ROW_ID]=$T11,ChangeLog[Change'#],"")),"")} | T11: 9
A12: ASIAN GAMES | B12: 1951 | C12: AQUATICS | D12: SWIMMING | E12: SWIMMING | F12: MEN | G12: 100M FREESTYLE | H12: SWIMMING | I12: 100M FREESTYLE | J12: WIEBE WOLTERS | K12: SGP | M12: SILVER | N12: 2 | O12: 1 | P12: NO | Q12: YES | S12: {=IFERROR(_xlfn.TEXTJOIN(", ",TRUE,IF(ChangeLog[ROW_ID]=$T12,ChangeLog[Change'#],"")),"")} | T12: 1
A13: ASIAN GAMES | B13: 1951 | C13: AQUATICS | D13: SWIMMING | E13: SWIMMING | F13: MEN | G13: 3X100M MEDLEY RELAY | H13: SWIMMING | I13: 3X100M MEDLEY RELAY | J13: LIONEL CHEE TAN HWEE HOCK NEO CHWEE KOK | K13: SGP | M13: SILVER | N13: 2 | O13: 1 | P13: NO | Q13: YES | S13: {=IFERROR(_xlfn.TEXTJOIN(", ",TRUE,IF(ChangeLog[ROW_ID]=$T13,ChangeLog[Change'#],"")),"")} | T13: 2
A14: ASIAN GAMES | B14: 1951 | C14: AQUATICS | D14: WATER POLO | E14: WATER POLO | F14: MEN | G14: TEAM | H14: WATERPOLO | I14: TEAM | J14: KEE SOON BEE TAN HWEE HOCK LIONEL CHEE HO KIAN BIN KEITH MITCHELL WIEBE WOLTERS TAN WEE ENG BARRY MITCHELL | K14: SGP | M14: SILVER | N14: 2 | O14: 1 | P14: NO | Q14: YES | S14: {=IFERROR(_xlfn.TEXTJOIN(", ",TRUE,IF(ChangeLog[ROW_ID]=$T14,ChangeLog[Change'#],"")),"")} | T14: 3
A15: ASIAN GAMES | B15: 1951 | C15: AQUATICS | D15: SWIMMING | E15: SWIMMING | F15: MEN | G15: 400M FREESTYLE | H15: SWIMMING | I15: 400M FREESTYLE (5:13.8) | J15: NEO CHWEE KOK | K15: SGP | M15: GOLD | N15: 1 | O15: 1 | P15: NO | Q15: YES | R15: 0.0036319444 | S15: {=IFERROR(_xlfn.TEXTJOIN(", ",TRUE,IF(ChangeLog[ROW_ID]=$T15,ChangeLog[Change'#],"")),"")} | T15: 4
A16: ASIAN GAMES | B16: 1951 | C16: AQUATICS | D16: SWIMMING | E16: SWIMMING | F16: MEN | G16: 4X100M FREESTYLE RELAY | H16: SWIMMING | I16: 4 X 100M FREESTYLE (4:19.8) | J16: NEO CHWEE KOK LIONEL CHEE WIEBE WOLTERS BARRY MITCHELL | K16: SGP | M16: GOLD | N16: 1 | O16: 1 | P16: NO | Q16: YES | R16: 0.0030069444 | S16: {=IFERROR(_xlfn.TEXTJOIN(", ",TRUE,IF(ChangeLog[ROW_ID]=$T16,ChangeLog[Change'#],"")),"")} | T16: 5
A17: ASIAN GAMES | B17: 1951 | C17: AQUATICS | D17: SWIMMING | E17: SWIMMING | F17: MEN | G17: 1500M FREESTYLE | H17: SWIMMING | I17: 1500M FREESTYLE | J17: NEO CHWEE KOK | K17: SGP | M17: GOLD | N17: 1 | O17: 1 | P17: NO | Q17: YES | S17: {=IFERROR(_xlfn.TEXTJOIN(", ",TRUE,IF(ChangeLog[ROW_ID]=$T17,ChangeLog[Change'#],"")),"")} | T17: 6
A18: ASIAN GAMES | B18: 1951 | C18: AQUATICS | D18: SWIMMING | E18: SWIMMING | F18: MEN | G18: 800M FREESTYLE | H18: SWIMMING | I18: 800M FREESTYLE (11:02.2) | J18: NEO CHWEE KOK | K18: SGP | M18: GOLD | N18: 1 | O18: 1 | P18: NO | Q18: YES | R18: 0.0076643519 | S18: {=IFERROR(_xlfn.TEXTJOIN(", ",TRUE,IF(ChangeLog[ROW_ID]=$T18,ChangeLog[Change'#],"")),"")} | T18: 7
A19: ASIAN GAMES | B19: 1951 | C19: ATHLETICS | D19: ATHLETICS | E19: TRACK | F19: WOMEN | G19: 80M HURDLES | H19: ATHLETICS | I19: WOMEN'S 80M HURDLES (13.5) | J19: LORENZA DOWDESWELL | K19: SGP | M19: SILVER | N19: 2 | O19: 1 | P19: NO | Q19: YES | R19: 13.5 | S19: {=IFERROR(_xlfn.TEXTJOIN(", ",TRUE,IF(ChangeLog[ROW_ID]=$T19,ChangeLog[Change'#],"")),"")} | T19: 8
A20: ASIAN GAMES | B20: 1951 | C20: ATHLETICS | D20: ATHLETICS | E20: TRACK | F20: MEN | G20: 110M HURDLES | H20: ATHLETICS | I20: 110M HURDLES (15.2) | J20: NG LIANG CHIANG | K20: SGP | M20: GOLD | N20: 1 | O20: 1 | P20: NO | Q20: YES | R20: 15.2 | S20: {=IFERROR(_xlfn.TEXTJOIN(", ",TRUE,IF(ChangeLog[ROW_ID]=$T20,ChangeLog[Change'#],"")),"")} | T20: 10
A21: ASIAN GAMES | B21: 1951 | C21: ATHLETICS | D21: ATHLETICS | E21: TRACK | F21: MEN | G21: 110M HURDLES | H21: ATHLETICS | I21: 110M HURDLES (15.7) | J21: LLOYD VALBERG | K21: SGP | M21: BRONZE | N21: 3 | O21: 1 | P21: NO | Q21: YES | R21: 15.7 | S21: {=IFERROR(_xlfn.TEXTJOIN(", ",TRUE,IF(ChangeLog[ROW_ID]=$T21,ChangeLog[Change'#],"")),"")} | T21: 11
A22: ASIAN GAMES | B22: 1951 | C22: ATHLETICS | D22: ATHLETICS | E22: TRACK | F22: MEN | G22: 400M HURDLES | H22: ATHLETICS | I22: 400M HURDLES (57.6) | J22: NG LIANG CHIANG | K22: SGP | M22: BRONZE | N22: 3 | O22: 1 | P22: NO | Q22: YES | R22: 57.6 | S22: {=IFERROR(_xlfn.TEXTJOIN(", ",TRUE,IF(ChangeLog[ROW_ID]=$T22,ChangeLog[Change'#],"")),"")} | T22: 12
A23: ASIAN GAMES | B23: 1951 | C23: WEIGHTLIFTING | D23: WEIGHTLIFTING | E23: WEIGHTLIFTING | F23: MEN | G23: 67.5KG | H23: WEIGHTLIFTING | I23: MEN 67.5KG | J23: PETER HO FOOM ONN | K23: SGP | M23: SILVER | N23: 2 | O23: 1 | P23: NO | Q23: YES | S23: {=IFERROR(_xlfn.TEXTJOIN(", ",TRUE,IF(ChangeLog[ROW_ID]=$T23,ChangeLog[Change'#],"")),"")} | T23: 13
A24: ASIAN GAMES | B24: 1951 | C24: WEIGHTLIFTING | D24: WEIGHTLIFTING | E24: WEIGHTLIFTING | F24: MEN | G24: LIGHT-HEAVYWEIGHT | H24: WEIGHTLIFTING | I24: MEN 82.5KG | J24: KOK CHEONG CHEONG | K24: SGP | M24: SILVER | N24: 2 | O24: 1 | P24: NO | Q24: YES | S24: {=IFERROR(_xlfn.TEXTJOIN(", ",TRUE,IF(ChangeLog[ROW_ID]=$T24,ChangeLog[Change'#],"")),"")} | T24: 14
A25: ASIAN GAMES | B25: 1954 | C25: AQUATICS | D25: SWIMMING | E25: SWIMMING | F25: MEN | G25: 4X200M FREESTYLE RELAY | H25: SWIMMING | I25: 4 X 200M FREESTYLE (9:27.0) | J25: NEO CHWEE KOK LIONEL CHEE ONG CHOON LIM TAN TEOW CHOON WIEBE WOLTERS | K25: SGP | M25: SILVER | N25: 2 | O25: 1 | P25: NO | Q25: YES | R25: 0.0065625 | S25: {=IFERROR(_xlfn.TEXTJOIN(", ",TRUE,IF(ChangeLog[ROW_ID]=$T25,ChangeLog[Change'#],"")),"")} | T25: 15
A26: ASIAN GAMES | B26: 1954 | C26: AQUATICS | D26: WATER POLO | E26: WATER POLO | F26: MEN | G26: TEAM | H26: WATERPOLO | I26: TEAM | J26: KEE SOON BEE TAN HWEE HOCK TAN ENG BOCK HO KIAN BIN GAN ENG TECK OH CHWEE HOCK WIEBE WOLTERS KEITH MITCHELL | K26: SGP | M26: GOLD | N26: 1 | O26: 1 | P26: NO | Q26: YES | S26: {=IFERROR(_xlfn.TEXTJOIN(", ",TRUE,IF(ChangeLog[ROW_ID]=$T26,ChangeLog[Change'#],"")),"")} | T26: 16
A27: ASIAN GAMES | B27: 1954 | C27: AQUATICS | D27: SWIMMING | E27: SWIMMING | F27: MEN | G27: 100M FREESTYLE | H27: SWIMMING | I27: 100M FREESTYLE (58.2) | J27: NEO CHWEE KOK | K27: SGP | M27: BRONZE | N27: 3 | O27: 1 | P27: NO | Q27: YES | R27: 58.2 | S27: {=IFERROR(_xlfn.TEXTJOIN(", ",TRUE,IF(ChangeLog[ROW_ID]=$T27,ChangeLog[Change'#],"")),"")} | T27: 17
A28: ASIAN GAMES | B28: 1954 | C28: ATHLETICS | D28: ATHLETICS | E28: TRACK | G28: 400M HURDLES | H28: ATHLETICS | I28: 400M HURDLES (54.8) | J28: CHAN ONN LENG | K28: SGP | M28: SILVER | N28: 2 | O28: 1 | P28: NO | Q28: YES | R28: 54.8 | S28: {=IFERROR(_xlfn.TEXTJOIN(", ",TRUE,IF(ChangeLog[ROW_ID]=$T28,ChangeLog[Change'#],"")),"")} | T28: 18
A29: ASIAN GAMES | B29: 1954 | C29: ATHLETICS | D29: ATHLETICS | E29: TRACK | G29: 80M HURDLES | H29: ATHLETICS | I29: 80M HURDLES (12.1) | J29: TANG PEI WAH | K29: SGP | M29: BRONZE | N29: 3 | O29: 1 | P29: NO | Q29: YES | R29: 12.1 | S29: {=IFERROR(_xlfn.TEXTJOIN(", ",TRUE,IF(ChangeLog[ROW_ID]=$T29,ChangeLog[Change'#],"")),"")} | T29: 19
A30: ASIAN GAMES | B30: 1954 | C30: ATHLETICS | D30: ATHLETICS | E30: TRACK | F30: WOMEN | G30: 100M | H30: ATHLETICS | I30: 100M (12.5) | J30: MARY KLASS | K30: SGP | M30: SILVER | N30: 2 | O30: 1 | P30: NO | Q30: YES | R30: 12.5 | S30: {=IFERROR(_xlfn.TEXTJOIN(", ",TRUE,IF(ChangeLog[ROW_ID]=$T30,ChangeLog[Change'#],"")),"")} | T30: 20
A31: ASIAN GAMES | B31: 1954 | C31: BOXING | D31: BOXING | E31: BOXING | G31: WELTERWEIGHT | H31: BOXING | I31: WELTERWEIGHT (UP TO 67KG) | J31: BULAT BIN ISMAIL | K31: SGP | M31: SILVER | N31: 2 | O31: 1 | P31: NO | Q31: YES | R31: up to 67kg | S31: {=IFERROR(_xlfn.TEXTJOIN(", ",TRUE,IF(ChangeLog[ROW_ID]=$T31,ChangeLog[Change'#],"")),"")} | T31: 21
A32: ASIAN GAMES | B32: 1954 | C32: WEIGHTLIFTING | D32: WEIGHTLIFTING | E32: WEIGHTLIFTING | G32: FEATHERWEIGHT | H32: WEIGHTLIFTING | I32: FEATHERWEIGHT (60KG) | J32: CHAY WONG YEW | K32: SGP | M32: BRONZE | N32: 3 | O32: 1 | P32: NO | Q32: YES | R32: 60kg | S32: {=IFERROR(_xlfn.TEXTJOIN(", ",TRUE,IF(ChangeLog[ROW_ID]=$T32,ChangeLog[Change'#],"")),"")} | T32: 22
A33: ASIAN GAMES | B33: 1954 | C33: WEIGHTLIFTING | D33: WEIGHTLIFTING | E33: WEIGHTLIFTING | G33: LIGHT-HEAVYWEIGHT | H33: WEIGHTLIFTING | I33: LIGHT HEAVYWEIGHT (82.5KG) | J33: HAROLD DE CASTRO | K33: SGP | M33: BRONZE | N33: 3 | O33: 1 | P33: NO | Q33: YES | R33: 82.5kg | S33: {=IFERROR(_xlfn.TEXTJOIN(", ",TRUE,IF(ChangeLog[ROW_ID]=$T33,ChangeLog[Change'#],"")),"")} | T33: 23
A34: ASIAN GAMES | B34: 1958 | C34: AQUATICS | D34: WATER POLO | E34: WATER POLO | F34: MEN | G34: TEAM | H34: WATERPOLO | I34: TEAM | J34: ANDREW LIM DEREK GEORGE MITCHELL GAN ENG TECK ERIC YEO GAN ENG GUAN THIO GIM-HOCK JOHN BARRY MITCHELL TAN ENG BOCK TAN ENG LIANG | K34: SGP | M34: SILVER | N34: 2 | O34: 1 | P34: NO | Q34: YES | S34: {=IFERROR(_xlfn.TEXTJOIN(", ",TRUE,IF(ChangeLog[ROW_ID]=$T34,ChangeLog[Change'#],"")),"")} | T34: 24
A35: ASIAN GAMES | B35: 1958 | C35: BOXING | D35: BOXING | E35: BOXING | G35: BANTAMWEIGHT | H35: BOXING | I35: BANTAMWEIGHT | J35: JACINTO DIAZ | K35: SGP | M35: BRONZE | N35: 3 | O35: 1 | P35: NO | Q35: YES | S35: {=IFERROR(_xlfn.TEXTJOIN(", ",TRUE,IF(ChangeLog[ROW_ID]=$T35,ChangeLog[Change'#],"")),"")} | T35: 25
A36: ASIAN GAMES | B36: 1958 | C36: BOXING | D36: BOXING | E36: BOXING | G36: FEATHERWEIGHT | H36: BOXING | I36: FEATHERWEIGHT | J36: AUSTIN DERRICK DUNSFORD | K36: SGP | M36: BRONZE | N36: 3 | O36: 1 | P36: NO | Q36: YES | S36: {=IFERROR(_xlfn.TEXTJOIN(", ",TRUE,IF(ChangeLog[ROW_ID]=$T36,ChangeLog[Change'#],"")),"")} | T36: 26
A37: ASIAN GAMES | B37: 1958 | C37: WEIGHTLIFTING | D37: WEIGHTLIFTING | E37: WEIGHTLIFTING | F37: MEN | G37: LIGHTWEIGHT | H37: WEIGHTLIFTING | I37: LIGHTWEIGHT (67.5KG) | J37: TAN HOWE LIANG | K37: SGP | M37: GOLD | N37: 1 | O37: 1 | P37: NO | Q37: YES | R37: 67.5kg | S37: {=IFERROR(_xlfn.TEXTJOIN(", ",TRUE,IF(ChangeLog[ROW_ID]=$T37,ChangeLog[Change'#],"")),"")} | T37: 27
A38: ASIAN GAMES | B38: 1962 | C38: AQUATICS | D38: WATER POLO | E38: WATER POLO | G38: TEAM | H38: WATERPOLO | I38: TEAM | J38: SINGAPORE | K38: SGP | M38: BRONZE | N38: 3 | O38: 1 | P38: NO | Q38: YES | S38: {=IFERROR(_xlfn.TEXTJOIN(", ",TRUE,IF(ChangeLog[ROW_ID]=$T38,ChangeLog[Change'#],"")),"")} | T38: 28
A39: ASIAN GAMES | B39: 1962 | C39: SHOOTING | D39: SHOOTING | E39: RIFLE | F39: MEN | G39: 50M RIFLE PRONE | H39: SHOOTING | I39: SMALL BORE RIFLE PRONE 50M (583 POINTS) | J39: FRED B DE SOUZA | K39: SGP | M39: GOLD | N39: 1 | O39: 1 | P39: NO | Q39: YES | R39: 583 points | S39: {=IFERROR(_xlfn.TEXTJOIN(", ",TRUE,IF(ChangeLog[ROW_ID]=$T39,ChangeLog[Change'#],"")),"")} | T39: 29
A40: ASIAN GAMES | B40: 1962 | C40: TABLE TENNIS | D40: TABLE TENNIS | E40: TABLE TENNIS | F40: MEN | G40: TEAM | H40: TABLE TENNIS | I40: MEN'S TEAM | J40: LIM WAI SHENG LIM JIN CHOON GOH SOO NAM SIM POH LIN | K40: SGP | M40: BRONZE | N40: 3 | O40: 1 | P40: NO | Q40: YES | S40: {=IFERROR(_xlfn.TEXTJOIN(", ",TRUE,IF(ChangeLog[ROW_ID]=$T40,ChangeLog[Change'#],"")),"")} | T40: 30
A41: ASIAN GAMES | B41: 1966 | C41: AQUATICS | D41: SWIMMING | E41: SWIMMING | F41: WOMEN | G41: 100M BACKSTROKE | H41: SWIMMING | I41: 100M BACK (1:15.2) | J41: PATRICIA CHAN LI-YIN | K41: SGP | M41: BRONZE | N41: 3 | O41: 1 | P41: NO | Q41: YES | R41: 0.00087037037 | S41: {=IFERROR(_xlfn.TEXTJOIN(", ",TRUE,IF(ChangeLog[ROW_ID]=$T41,ChangeLog[Change'#],"")),"")} | T41: 31
A42: ASIAN GAMES | B42: 1966 | C42: AQUATICS | D42: SWIMMING | E42: SWIMMING | F42: MEN | G42: 400M FREESTYLE | H42: SWIMMING | I42: 400M FREESTYLE (4:29.9) | J42: TAN THUAN HENG | K42: SGP | M42: SILVER | N42: 2 | O42: 1 | P42: NO | Q42: YES | R42: 0.003123831 | S42: {=IFERROR(_xlfn.TEXTJOIN(", ",TRUE,IF(ChangeLog[ROW_ID]=$T42,ChangeLog[Change'#],"")),"")} | T42: 32
A43: ASIAN GAMES | B43: 1966 | C43: AQUATICS | D43: WATER POLO | E43: WATER POLO | F43: MEN | G43: TEAM | H43: WATERPOLO | I43: TEAM | J43: DAVID LIM GAN ENG TECK GAN ENG GUAN GAN ENG JOO THIO GIM-HOCK PANG TEE AUN SU HONG ZEE TAN ENG BOCK TAN ENG LIANG TAN THUAN HENG TAN YAM CHENG | K43: SGP | M43: SILVER | N43: 2 | O43: 1 | P43: NO | Q43: YES | S43: {=IFERROR(_xlfn.TEXTJOIN(", ",TRUE,IF(ChangeLog[ROW_ID]=$T43,ChangeLog[Change'#],"")),"")} | T43: 33
A44: ASIAN GAMES | B44: 1966 | C44: AQUATICS | D44: SWIMMING | E44: SWIMMING | F44: MEN | G44: 200M FREESTYLE | H44: SWIMMING | I44: 200M FREESTYLE (2:04.8) | J44: TAN THUAN HENG | K44: SGP | M44: SILVER | N44: 2 | O44: 1 | P44: NO | Q44: YES | R44: 0.0014444329 | S44: {=IFERROR(_xlfn.TEXTJOIN(", ",TRUE,IF(ChangeLog[ROW_ID]=$T44,ChangeLog[Change'#],"")),"")} | T44: 34
A45: ASIAN GAMES | B45: 1966 | C45: AQUATICS | D45: SWIMMING | E45: SWIMMING | G45: 100M BACKSTROKE | H45: SWIMMING | I45: 100M BACK (1:15.2) | J45: EU MICHAEL | K45: SGP | M45: BRONZE | N45: 3 | O45: 1 | P45: NO | Q45: YES | R45: 0.00087037037 | S45: {=IFERROR(_xlfn.TEXTJOIN(", ",TRUE,IF(ChangeLog[ROW_ID]=$T45,ChangeLog[Change'#],"")),"")} | T45: 35
A46: ASIAN GAMES | B46: 1966 | C46: AQUATICS | D46: SWIMMING | E46: SWIMMING | G46: 200M BACKSTROKE | H46: SWIMMING | I46: 200M BACK (2:27.1) | J46: ALEX CHAN MENG WAH | K46: SGP | M46: BRONZE | N46: 3 | O46: 1 | P46: NO | Q46: YES | R46: 0.0017025347 | S46: {=IFERROR(_xlfn.TEXTJOIN(", ",TRUE,IF(ChangeLog[ROW_ID]=$T46,ChangeLog[Change'#],"")),"")} | T46: 36
A47: ASIAN GAMES | B47: 1966 | C47: AQUATICS | D47: SWIMMING | E47: SWIMMING | F47: WOMEN | G47: 200M INDIVIDUAL MEDLEY | H47: SWIMMING | I47: 200M MEDLEY (2:42.2) | J47: PATRICIA CHAN LI-YIN | K47: SGP | M47: BRONZE | N47: 3 | O47: 1 | P47: NO | Q47: YES | R47: 0.0018773032 | S47: {=IFERROR(_xlfn.TEXTJOIN(", ",TRUE,IF(ChangeLog[ROW_ID]=$T47,ChangeLog[Change'#],"")),"")} | T47: 37
A48: ASIAN GAMES | B48: 1966 | C48: AQUATICS | D48: SWIMMING | E48: SWIMMING | F48: WOMEN | G48: 4X100M FREESTYLE RELAY | H48: SWIMMING | I48: 4 X 100M FREESTYLE (4:50.6) | J48: PATRICIA CHAN LI-YIN TAY CHIN JOO TAY MOLLY JOVINA TSENG | K48: SGP | M48: BRONZE | N48: 3 | O48: 1 | P48: NO | Q48: YES | R48: 0.0033634259 | S48: {=IFERROR(_xlfn.TEXTJOIN(", ",TRUE,IF(ChangeLog[ROW_ID]=$T48,ChangeLog[Change'#],"")),"")} | T48: 38
A49: ASIAN GAMES | B49: 1966 | C49: ATHLETICS | D49: ATHLETICS | E49: TRACK | F49: MEN | G49: 100M | H49: ATHLETICS | I49: 100M (10.5) | J49: C KUNALAN | K49: SGP | M49: SILVER | N49: 2 | O49: 1 | P49: NO | Q49: YES | R49: 10.5 | S49: {=IFERROR(_xlfn.TEXTJOIN(", ",TRUE,IF(ChangeLog[ROW_ID]=$T49,ChangeLog[Change'#],"")),"")} | T49: 39
A50: ASIAN GAMES | B50: 1966 | C50: ATHLETICS | D50: ATHLETICS | E50: FIELD | F50: WOMEN | G50: HIGH JUMP | H50: ATHLETICS | I50: WOMEN'S HIGH JUMP | J50: CHEONG WAI HING | K50: SGP | M50: BRONZE | N50: 3 | O50: 1 | P50: NO | Q50: YES | S50: {=IFERROR(_xlfn.TEXTJOIN(", ",TRUE,IF(ChangeLog[ROW_ID]=$T50,ChangeLog[Change'#],"")),"")} | T50: 40
A51: ASIAN GAMES | B51: 1966 | C51: ATHLETICS | D51: ATHLETICS | E51: TRACK | F51: MEN | G51: 4X400M RELAY | H51: ATHLETICS | I51: 4 X 400M (3:13.4) | J51: C KUNALAN NATAHAR BAVA GUNASENA MIGALE HO MUN CHEONG | K51: SGP | M51: BRONZE | N51: 3 | O51: 1 | P51: NO | Q51: YES | R51: 0.0022384144 | S51: {=IFERROR(_xlfn.TEXTJOIN(", ",TRUE,IF(ChangeLog[ROW_ID]=$T51,ChangeLog[Change'#],"")),"")} | T51: 41
A52: ASIAN GAMES | B52: 1966 | C52: WEIGHTLIFTING | D52: WEIGHTLIFTING | E52: WEIGHTLIFTING | F52: MEN | G52: 56KG | H52: WEIGHTLIFTING | I52: 56KG | J52: CHUA PHUNG KIM | K52: SGP | M52: SILVER | N52: 2 | O52: 1 | P52: NO | Q52: YES | S52: {=IFERROR(_xlfn.TEXTJOIN(", ",TRUE,IF(ChangeLog[ROW_ID]=$T52,ChangeLog[Change'#],"")),"")} | T52: 42
A53: ASIAN GAMES | B53: 1970 | C53: AQUATICS | D53: SWIMMING | E53: SWIMMING | F53: WOMEN | G53: 400M FREESTYLE | H53: SWIMMING | I53: 400M FREESTYLE (4:52.4) | J53: PATRICIA CHAN LI-YIN | K53: SGP | M53: SILVER | N53: 2 | O53: 1 | P53: NO | Q53: YES | R53: 0.0033842477 | S53: {=IFERROR(_xlfn.TEXTJOIN(", ",TRUE,IF(ChangeLog[ROW_ID]=$T53,ChangeLog[Change'#],"")),"")} | T53: 43
A54: ASIAN GAMES | B54: 1970 | C54: AQUATICS | D54: SWIMMING | E54: SWIMMING | F54: WOMEN | G54: 4X100M FREESTYLE RELAY | H54: SWIMMING | I54: 4 X 100M FREESTYLE (4:26.4) | J54: PATRICIA CHAN LI-YIN ELAINE SNG POH CHUAN JOVINA TSENG TAY CHIN JOO | K54: SGP | M54: SILVER | N54: 2 | O54: 1 | P54: NO | Q54: YES | R54: 0.0030833218 | S54: {=IFERROR(_xlfn.TEXTJOIN(", ",TRUE,IF(ChangeLog[ROW_ID]=$T54,ChangeLog[Change'#],"")),"")} | T54: 44
A55: ASIAN GAMES | B55: 1970 | C55: AQUATICS | D55: SWIMMING | E55: SWIMMING | F55: WOMEN | G55: 4X100M MEDLEY RELAY | H55: SWIMMING | I55: 4 X 100M MEDLEY (4:55.8) | J55: PATRICIA CHAN LI-YIN TAN GUEK KEOW ESTHER TAY CHIN JOO ELAINE SNG POH CHUAN | K55: SGP | M55: SILVER | N55: 2 | O55: 1 | P55: NO | Q55: YES | R55: 0.0034236111 | S55: {=IFERROR(_xlfn.TEXTJOIN(", ",TRUE,IF(ChangeLog[ROW_ID]=$T55,ChangeLog[Change'#],"")),"")} | T55: 45
A56: ASIAN GAMES | B56: 1970 | C56: AQUATICS | D56: SWIMMING | E56: SWIMMING | F56: MEN | G56: 100M FREESTYLE | H56: SWIMMING | I56: 100M FREESTYLE (56.4) | J56: TAN THUAN HENG | K56: SGP | M56: BRONZE | N56: 3 | O56: 1 | P56: NO | Q56: YES | R56: 55.4 | S56: {=IFERROR(_xlfn.TEXTJOIN(", ",TRUE,IF(ChangeLog[ROW_ID]=$T56,ChangeLog[Change'#],"")),"")} | T56: 46
A57: ASIAN GAMES | B57: 1970 | C57: AQUATICS | D57: SWIMMING | E57: SWIMMING | F57: WOMEN | G57: 100M FREESTYLE | H57: SWIMMING | I57: 100M FREESTYLE (1:03.4) | J57: PATRICIA CHAN LI-YIN | K57: SGP | M57: BRONZE | N57: 3 | O57: 1 | P57: NO | Q57: YES | R57: 0.0007337963 | S57: {=IFERROR(_xlfn.TEXTJOIN(", ",TRUE,IF(ChangeLog[ROW_ID]=$T57,ChangeLog[Change'#],"")),"")} | T57: 47
A58: ASIAN GAMES | B58: 1970 | C58: AQUATICS | D58: SWIMMING | E58: SWIMMING | F58: WOMEN | G58: 200M FREESTYLE | H58: SWIMMING | I58: 200M FREESTYLE (2:19.0) | J58: PATRICIA CHAN LI-YIN | K58: SGP | M58: BRONZE | N58: 3 | O58: 1 | P58: NO | Q58: YES | R58: 0.0016087963 | S58: {=IFERROR(_xlfn.TEXTJOIN(", ",TRUE,IF(ChangeLog[ROW_ID]=$T58,ChangeLog[Change'#],"")),"")} | T58: 48
A59: ASIAN GAMES | B59: 1970 | C59: AQUATICS | D59: SWIMMING | E59: SWIMMING | F59: WOMEN | G59: 100M BACKSTROKE | H59: SWIMMING | I59: 100M BACK (1:11.1) | J59: PATRICIA CHAN LI-YIN | K59: SGP | M59: BRONZE | N59: 3 | O59: 1 | P59: NO | Q59: YES | R59: 0.00082290509 | S59: {=IFERROR(_xlfn.TEXTJOIN(", ",TRUE,IF(ChangeLog[ROW_ID]=$T59,ChangeLog[Change'#],"")),"")} | T59: 49
A60: ASIAN GAMES | B60: 1970 | C60: AQUATICS | D60: SWIMMING | E60: SWIMMING | F60: WOMEN | G60: 200M INDIVIDUAL MEDLEY | H60: SWIMMING | I60: 200M INDIVIDUAL MEDLEY (2:35.9) | J60: PATRICIA CHAN LI-YIN | K60: SGP | M60: BRONZE | N60: 3 | O60: 1 | P60: NO | Q60: YES | R60: 0.0018043981 | S60: {=IFERROR(_xlfn.TEXTJOIN(", ",TRUE,IF(ChangeLog[ROW_ID]=$T60,ChangeLog[Change'#],"")),"")} | T60: 50
A61: ASIAN GAMES | B61: 1970 | C61: AQUATICS | D61: SWIMMING | E61: SWIMMING | F61: WOMEN | G61: 100M BUTTERFLY | H61: SWIMMING | I61: 100M BUTTERFLY (1:08.9) | J61: TAY CHIN JOO | K61: SGP | M61: BRONZE | N61: 3 | O61: 1 | P61: NO | Q61: YES | R61: 0.0007974537 | S61: {=IFERROR(_xlfn.TEXTJOIN(", ",TRUE,IF(ChangeLog[ROW_ID]=$T61,ChangeLog[Change'#],"")),"")} | T61: 51
A62: ASIAN GAMES | B62: 1970 | C62: AQUATICS | D62: SWIMMING | E62: SWIMMING | F62: MEN | G62: 4X200M FREESTYLE RELAY | H62: SWIMMING | I62: 4 X 200M FREESTYLE (8:35.8) | J62: ALEX CHAN MEN WAH SOH SENG HOI ROY CHAN KUM WAH TAN THUAN HENG | K62: SGP | M62: BRONZE | N62: 3 | O62: 1 | P62: NO | Q62: YES | R62: 0.0059698958 | S62: {=IFERROR(_xlfn.TEXTJOIN(", ",TRUE,IF(ChangeLog[ROW_ID]=$T62,ChangeLog[Change'#],"")),"")} | T62: 52
A63: ASIAN GAMES | B63: 1970 | C63: ATHLETICS | D63: ATHLETICS | E63: TRACK | F63: WOMEN | G63: 4X100M RELAY | H63: ATHLETICS | I63: 4 X 100M | J63: GLORY BARNABAS SCHUSHILA WADHUMAL MAIMOON ABU BAKAR GAN BEE WAH | K63: SGP | M63: SILVER | N63: 2 | O63: 1 | P63: NO | Q63: YES | S63: {=IFERROR(_xlfn.TEXTJOIN(", ",TRUE,IF(ChangeLog[ROW_ID]=$T63,ChangeLog[Change'#],"")),"")} | T63: 53
A64: ASIAN GAMES | B64: 1970 | C64: ATHLETICS | D64: ATHLETICS | E64: TRACK | F64: MEN | G64: 100M | H64: ATHLETICS | I64: 100M (10.5) | J64: C KUNALAN | K64: SGP | M64: BRONZE | N64: 3 | O64: 1 | P64: NO | Q64: YES | R64: 9.5 | S64: {=IFERROR(_xlfn.TEXTJOIN(", ",TRUE,IF(ChangeLog[ROW_ID]=$T64,ChangeLog[Change'#],"")),"")} | T64: 54
A65: ASIAN GAMES | B65: 1970 | C65: ATHLETICS | D65: ATHLETICS | E65: TRACK | F65: MEN | G65: 200M | H65: ATHLETICS | I65: 200M (21.5) | J65: C KUNALAN | K65: SGP | M65: BRONZE | N65: 3 | O65: 1 | P65: NO | Q65: YES | R65: 20.5 | S65: {=IFERROR(_xlfn.TEXTJOIN(", ",TRUE,IF(ChangeLog[ROW_ID]=$T65,ChangeLog[Change'#],"")),"")} | T65: 55
A66: ASIAN GAMES | B66: 1970 | C66: SAILING | D66: SAILING | E66: SAILING | F66: MEN | G66: FIREBALL | H66: SAILING | I66: FIREBALL CLASS TEAM | J66: DAVID LOW JAMES THAM | K66: SGP | M66: SILVER | N66: 2 | O66: 1 | P66: NO | Q66: YES | S66: {=IFERROR(_xlfn.TEXTJOIN(", ",TRUE,IF(ChangeLog[ROW_ID]=$T66,ChangeLog[Change'#],"")),"")} | T66: 56
A67: ASIAN GAMES | B67: 1970 | C67: SAILING | D67: SAILING | E67: SAILING | F67: MEN | G67: MOTH | H67: SAILING | I67: MOTH CLASS | J67: YEO SEE TECK | K67: SGP | M67: SILVER | N67: 2 | O67: 1 | P67: NO | Q67: YES | S67: {=IFERROR(_xlfn.TEXTJOIN(", ",TRUE,IF(ChangeLog[ROW_ID]=$T67,ChangeLog[Change'#],"")),"")} | T67: 57
A68: ASIAN GAMES | B68: 1974 | C68: AQUATICS | D68: SWIMMING | E68: SWIMMING | F68: WOMEN | G68: 400M FREESTYLE | H68: SWIMMING | I68: 400M FREESTYLE (4.26.4) | J68: ELAINE SNG POH CHUAN | K68: SGP | M68: SILVER | N68: 2 | O68: 1 | P68: NO | Q68: YES | R68: 4.26.4 | S68: {=IFERROR(_xlfn.TEXTJOIN(", ",TRUE,IF(ChangeLog[ROW_ID]=$T68,ChangeLog[Change'#],"")),"")} | T68: 58
A69: ASIAN GAMES | B69: 1974 | C69: AQUATICS | D69: SWIMMING | E69: SWIMMING | F69: WOMEN | G69: 4X100M MEDLEY RELAY | H69: SWIMMING | I69: 4 X 100M MEDLEY (4:52.20) | J69: YEO SU MING ELAINE SNG TAY CHIN JOO ANNE HO JUSTINA TSENG | K69: SGP | M69: SILVER | N69: 2 | O69: 1 | P69: NO | Q69: YES | R69: 0.0033819329 | S69: {=IFERROR(_xlfn.TEXTJOIN(", ",TRUE,IF(ChangeLog[ROW_ID]=$T69,ChangeLog[Change'#],"")),"")} | T69: 59
A70: ASIAN GAMES | B70: 1974 | C70: AQUATICS | D70: SWIMMING | E70: SWIMMING | F70: WOMEN | G70: 100M BACKSTROKE | H70: SWIMMING | I70: 100M BACK (W) (1:13.85) | J70: YEO SU MING | K70: SGP | M70: BRONZE | N70: 3 | O70: 1 | P70: NO | Q70: YES | R70: 0.0008547338 | S70: {=IFERROR(_xlfn.TEXTJOIN(", ",TRUE,IF(ChangeLog[ROW_ID]=$T70,ChangeLog[Change'#],"")),"")} | T70: 60
A71: ASIAN GAMES | B71: 1974 | C71: AQUATICS | D71: SWIMMING | E71: SWIMMING | F71: WOMEN | G71: 100M FREESTYLE | H71: SWIMMING | I71: 100M FREESTYLE (1:04.61) | J71: ELAINE SNG POH CHUAN | K71: SGP | M71: BRONZE | N71: 3 | O71: 1 | P71: NO | Q71: YES | R71: 0.00074780093 | S71: {=IFERROR(_xlfn.TEXTJOIN(", ",TRUE,IF(ChangeLog[ROW_ID]=$T71,ChangeLog[Change'#],"")),"")} | T71: 61
A72: ASIAN GAMES | B72: 1974 | C72: AQUATICS | D72: SWIMMING | E72: SWIMMING | F72: WOMEN | G72: 4X100M FREESTYLE RELAY | H72: SWIMMING | I72: 4 X 100M FREESTYLE (4:22.53) | J72: ELAINE SNG TAY CHIN JOO ANNE HO ESTHER TAN JUSTINA TSENG | K72: SGP | M72: BRONZE | N72: 3 | O72: 1 | P72: NO | Q72: YES | R72: 0.0030385301 | S72: {=IFERROR(_xlfn.TEXTJOIN(", ",TRUE,IF(ChangeLog[ROW_ID]=$T72,ChangeLog[Change'#],"")),"")} | T72: 62
A73: ASIAN GAMES | B73: 1974 | C73: AQUATICS | D73: SWIMMING | E73: SWIMMING | F73: WOMEN | G73: 200M FREESTYLE | H73: SWIMMING | I73: 200M FREESTYLE (2:19.59) | J73: ELAINE SNG POH CHUAN | K73: SGP | M73: BRONZE | N73: 3 | O73: 1 | P73: NO | Q73: YES | R73: 0.001615625 | S73: {=IFERROR(_xlfn.TEXTJOIN(", ",TRUE,IF(ChangeLog[ROW_ID]=$T73,ChangeLog[Change'#],"")),"")} | T73: 63
A74: ASIAN GAMES | B74: 1974 | C74: AQUATICS | D74: SWIMMING | E74: SWIMMING | F74: WOMEN | G74: 100M BUTTERFLY | H74: SWIMMING | I74: 100M BUTTERFLY | J74: TAY CHIN JOO | K74: SGP | M74: BRONZE | N74: 3 | O74: 1 | P74: NO | Q74: YES | S74: {=IFERROR(_xlfn.TEXTJOIN(", ",TRUE,IF(ChangeLog[ROW_ID]=$T74,ChangeLog[Change'#],"")),"")} | T74: 64
A75: ASIAN GAMES | B75: 1974 | C75: ATHLETICS | D75: ATHLETICS | E75: TRACK | F75: MEN | G75: 4X100M RELAY | H75: ATHLETICS | I75: 4 X 100M (40.34) | J75: GODFREY JALLEH C KUNALAN ONG YOKE PHEE TAN SAY LEONG YEO KIAN CHYE | K75: SGP | M75: BRONZE | N75: 3 | O75: 1 | P75: NO | Q75: YES | R75: 39.34 | S75: {=IFERROR(_xlfn.TEXTJOIN(", ",TRUE,IF(ChangeLog[ROW_ID]=$T75,ChangeLog[Change'#],"")),"")} | T75: 65
A76: ASIAN GAMES | B76: 1974 | C76: ATHLETICS | D76: ATHLETICS | E76: TRACK | F76: WOMEN | G76: 400M | H76: ATHLETICS | I76: 400M (55.08) | J76: CHEE SWEE LEE | K76: SGP | M76: GOLD | N76: 1 | O76: 1 | P76: NO | Q76: YES | R76: 54.08 | S76: {=IFERROR(_xlfn.TEXTJOIN(", ",TRUE,IF(ChangeLog[ROW_ID]=$T76,ChangeLog[Change'#],"")),"")} | T76: 66
A77: ASIAN GAMES | B77: 1974 | C77: ATHLETICS | D77: ATHLETICS | E77: TRACK | F77: WOMEN | G77: 4X100M RELAY | H77: ATHLETICS | I77: 4 X 100 (47.10) | J77: CHEE SWEE LEE MAIMOON BAKAR AZLAN GLORY BARNABAS ENG CHIEW GUAY LEE TAI JONG | K77: SGP | M77: BRONZE | N77: 3 | O77: 1 | P77: NO | Q77: YES | R77: 46.1 | S77: {=IFERROR(_xlfn.TEXTJOIN(", ",TRUE,IF(ChangeLog[ROW_ID]=$T77,ChangeLog[Change'#],"")),"")} | T77: 67
A78: ASIAN GAMES | B78: 1974 | C78: ATHLETICS | D78: ATHLETICS | E78: TRACK | F78: WOMEN | G78: 4X400M RELAY | H78: ATHLETICS | I78: 4 X 400M (3:43.85) | J78: CHEE SWEE LEE MAIMOON BAKAR AZLAN GLORY BARNABAS LEE TAI JONG | K78: SGP | M78: SILVER | N78: 2 | O78: 1 | P78: NO | Q78: YES | R78: National record; 3:43.85 | S78: {=IFERROR(_xlfn.TEXTJOIN(", ",TRUE,IF(ChangeLog[ROW_ID]=$T78,ChangeLog[Change'#],"")),"")} | T78: 68
A79: ASIAN GAMES | B79: 1978 | C79: AQUATICS | D79: WATER POLO | E79: WATER POLO | F79: MEN | G79: TEAM | H79: WATERPOLO | I79: TEAM | J79: GAN AI TEK ANG BAN GEE ANG BAN LEONG ANG GUAN HIN KENNETH KEE LIONEL KONGCHU LIEW MICHAEL KITSON KONG TEO MING CHUN SOH SENG THIT TEO KENG SOON STEPHEN CHENG KIAN KEW | K79: SGP | M79: BRONZE | N79: 3 | O79: 1 | P79: NO | Q79: YES | S79: {=IFERROR(_xlfn.TEXTJOIN(", ",TRUE,IF(ChangeLog[ROW_ID]=$T79,ChangeLog[Change'#],"")),"")} | T79: 69
A80: ASIAN GAMES | B80: 1978 | C80: AQUATICS | D80: SWIMMING | E80: SWIMMING | F80: WOMEN | G80: 400M FREESTYLE | H80: SWIMMING | I80: 400M FREESTYLE (4:31.35) | J80: JUNIE SNG POH LENG | K80: SGP | M80: GOLD | N80: 1 | O80: 1 | P80: NO | Q80: YES | R80: 0.003140625 | S80: {=IFERROR(_xlfn.TEXTJOIN(", ",TRUE,IF(ChangeLog[ROW_ID]=$T80,ChangeLog[Change'#],"")),"")} | T80: 70
A81: ASIAN GAMES | B81: 1978 | C81: AQUATICS | D81: SWIMMING | E81: SWIMMING | F81: WOMEN | G81: 800M FREESTYLE | H81: SWIMMING | I81: 800M FREESTYLE (9:18.33) | J81: JUNIE SNG POH LENG | K81: SGP | M81: GOLD | N81: 1 | O81: 1 | P81: NO | Q81: YES | R81: 0.0064621528 | S81: {=IFERROR(_xlfn.TEXTJOIN(", ",TRUE,IF(ChangeLog[ROW_ID]=$T81,ChangeLog[Change'#],"")),"")} | T81: 71
A82: ASIAN GAMES | B82: 1978 | C82: AQUATICS | D82: SWIMMING | E82: SWIMMING | F82: WOMEN | G82: 200M FREESTYLE | H82: SWIMMING | I82: 200M FREESTYLE (2:11.08) | J82: JUNIE SNG POH LENG | K82: SGP | M82: SILVER | N82: 2 | O82: 1 | P82: NO | Q82: YES | R82: 0.0015171296 | S82: {=IFERROR(_xlfn.TEXTJOIN(", ",TRUE,IF(ChangeLog[ROW_ID]=$T82,ChangeLog[Change'#],"")),"")} | T82: 72
A83: ASIAN GAMES | B83: 1978 | C83: BOWLING | D83: BOWLING | E83: TENPIN BOWLING | F83: MEN | G83: SINGLES | H83: BOWLING | I83: MEN'S SINGLES - 1212 | J83: WONG CHIN WAH | K83: SGP | M83: BRONZE | N83: 3 | O83: 1 | P83: NO | Q83: YES | S83: {=IFERROR(_xlfn.TEXTJOIN(", ",TRUE,IF(ChangeLog[ROW_ID]=$T83,ChangeLog[Change'#],"")),"")} | T83: 73
A84: ASIAN GAMES | B84: 1978 | C84: SAILING | D84: SAILING | E84: SAILING | G84: FIREBALL | H84: SAILING | I84: FIREBALL CLASS | J84: TAN KOK WAH LEWIS KENG LOEI LIEM | K84: SGP | M84: BRONZE | N84: 3 | O84: 1 | P84: NO | Q84: YES | S84: {=IFERROR(_xlfn.TEXTJOIN(", ",TRUE,IF(ChangeLog[ROW_ID]=$T84,ChangeLog[Change'#],"")),"")} | T84: 74
A85: ASIAN GAMES | B85: 1978 | C85: SAILING | D85: SAILING | E85: SAILING | F85: MEN | G85: OK | H85: YACHTING | I85: OK CLASS (41.1) | J85: TAN SWEE HUNG | K85: SGP | M85: BRONZE | N85: 3 | O85: 1 | P85: NO | Q85: YES | R85: 40.1 | S85: {=IFERROR(_xlfn.TEXTJOIN(", ",TRUE,IF(ChangeLog[ROW_ID]=$T85,ChangeLog[Change'#],"")),"")} | T85: 76
A86: ASIAN GAMES | B86: 1982 | C86: AQUATICS | D86: SWIMMING | E86: SWIMMING | F86: WOMEN | G86: 4X100M FREESTYLE RELAY | H86: SWIMMING | I86: 4 X 100M FREESTYLE (4:12.02) | J86: LAI MAY MAY GILLIAN CHEE MAVIS EE CHAN MUI PIN | K86: SGP | M86: BRONZE | N86: 3 | O86: 1 | P86: NO | Q86: YES | R86: National Record; 4:12.02 | S86: {=IFERROR(_xlfn.TEXTJOIN(", ",TRUE,IF(ChangeLog[ROW_ID]=$T86,ChangeLog[Change'#],"")),"")} | T86: 77
A87: ASIAN GAMES | B87: 1982 | C87: AQUATICS | D87: SWIMMING | E87: SWIMMING | F87: MEN | G87: 100M FREESTYLE | H87: SWIMMING | I87: 100M FREESTYLE (53.0) | J87: ANG PENG SIONG | K87: SGP | M87: GOLD | N87: 1 | O87: 1 | P87: NO | Q87: YES | R87: 52 | S87: {=IFERROR(_xlfn.TEXTJOIN(", ",TRUE,IF(ChangeLog[ROW_ID]=$T87,ChangeLog[Change'#],"")),"")} | T87: 78
A88: ASIAN GAMES | B88: 1982 | C88: AQUATICS | D88: SWIMMING | E88: SWIMMING | F88: MEN | G88: 100M BUTTERFLY | H88: SWIMMING | I88: 100M BUTTERFLY (58.37) | J88: ANG PENG SIONG | K88: SGP | M88: BRONZE | N88: 3 | O88: 1 | P88: NO | Q88: YES | R88: 57.37 | S88: {=IFERROR(_xlfn.TEXTJOIN(", ",TRUE,IF(ChangeLog[ROW_ID]=$T88,ChangeLog[Change'#],"")),"")} | T88: 79
A89: ASIAN GAMES | B89: 1986 | C89: AQUATICS | D89: SWIMMING | E89: SWIMMING | F89: MEN | G89: 4X100M FREESTYLE RELAY | H89: SWIMMING | I89: 4 X 100M FREESTYLE (3:31.36) | J89: ANG PENG SIONG DAVID LIM FONG JOCK OON JIN GEE TAY KHOON HEAN | K89: SGP | M89: BRONZE | N89: 3 | O89: 1 | P89: NO | Q89: YES | R89: 0.0024462847 | S89: {=IFERROR(_xlfn.TEXTJOIN(", ",TRUE,IF(ChangeLog[ROW_ID]=$T89,ChangeLog[Change'#],"")),"")} | T89: 80
A90: ASIAN GAMES | B90: 1986 | C90: AQUATICS | D90: SWIMMING | E90: SWIMMING | F90: MEN | G90: 4X200M FREESTYLE RELAY | H90: SWIMMING | I90: 4 X 200M FREESTYLE (7:56.27) | J90: DAVID LIM FONG JOCK OON JIN TEIK OON JIN GEE TAY KHOON HEAN | K90: SGP | M90: BRONZE | N90: 3 | O90: 1 | P90: NO | Q90: YES | R90: 0.0055123843 | S90: {=IFERROR(_xlfn.TEXTJOIN(", ",TRUE,IF(ChangeLog[ROW_ID]=$T90,ChangeLog[Change'#],"")),"")} | T90: 81
A91: ASIAN GAMES | B91: 1986 | C91: AQUATICS | D91: WATER POLO | E91: WATER POLO | F91: MEN | G91: TEAM | H91: WATERPOLO | I91: TEAM | J91: ALLAN HENG ANG BAN LEONG ANG KIAT WEE CHOO CHIN CHENG DANIEL WEE EDISON FOO LAU KUM WENG LEONG HOE YIN LIM TECK YIN MATTHEW TAN TAN HONG BOON TEO KENG SOON TONY KOH | K91: SGP | M91: BRONZE | N91: 3 | O91: 1 | P91: NO | Q91: YES | S91: {=IFERROR(_xlfn.TEXTJOIN(", ",TRUE,IF(ChangeLog[ROW_ID]=$T91,ChangeLog[Change'#],"")),"")} | T91: 82
A92: ASIAN GAMES | B92: 1986 | C92: AQUATICS | D92: SWIMMING | E92: SWIMMING | F92: MEN | G92: 100M FREESTYLE | H92: SWIMMING | I92: 100M FREESTYLE (52.27) | J92: ANG PENG SIONG | K92: SGP | M92: BRONZE | N92: 3 | O92: 1 | P92: NO | Q92: YES | R92: 51.27 | S92: {=IFERROR(_xlfn.TEXTJOIN(", ",TRUE,IF(ChangeLog[ROW_ID]=$T92,ChangeLog[Change'#],"")),"")} | T92: 83
A93: ASIAN GAMES | B93: 1986 | C93: BOWLING | D93: BOWLING | E93: TENPIN BOWLING | F93: MEN | G93: TRIOS | H93: BOWLING | I93: MEN'S TRIO | J93: MIKE WEE JANSEN CHAN RONNIE NG | K93: SGP | M93: SILVER | N93: 2 | O93: 1 | P93: NO | Q93: YES | S93: {=IFERROR(_xlfn.TEXTJOIN(", ",TRUE,IF(ChangeLog[ROW_ID]=$T93,ChangeLog[Change'#],"")),"")} | T93: 84
A94: ASIAN GAMES | B94: 1990 | C94: AQUATICS | D94: SWIMMING | E94: SWIMMING | F94: MEN | G94: 50M FREESTYLE | H94: SWIMMING | I94: 50M FREESTYLE (23.33) | J94: ANG PENG SIONG | K94: SGP | M94: SILVER | N94: 2 | O94: 1 | P94: NO | Q94: YES | R94: 22.33 | S94: {=IFERROR(_xlfn.TEXTJOIN(", ",TRUE,IF(ChangeLog[ROW_ID]=$T94,ChangeLog[Change'#],"")),"")} | T94: 85
A95: ASIAN GAMES | B95: 1990 | C95: AQUATICS | D95: SWIMMING | E95: SWIMMING | F95: MEN | G95: 4X100M FREESTYLE RELAY | H95: SWIMMING | I95: 4 X 100M FREESTYLE (3:31.46) | J95: ANG PENG SIONG DAVID LIM FONG JOCK KENNETH YEO HAROLD GAN | K95: SGP | M95: BRONZE | N95: 3 | O95: 1 | P95: NO | Q95: YES | R95: 0.0024474537 | S95: {=IFERROR(_xlfn.TEXTJOIN(", ",TRUE,IF(ChangeLog[ROW_ID]=$T95,ChangeLog[Change'#],"")),"")} | T95: 86
A96: ASIAN GAMES | B96: 1990 | C96: SEPAKTAKRAW | D96: SEPAKTAKRAW | E96: SEPAKTAKRAW | F96: MEN | G96: REGU TEAM | H96: SEPAK TAKRAW | I96: TEAM | J96: NUR HISHAM ADAM EDDIE ABDUL KADIR HIIRULNIZAM S M HAMZAH MOHD FAMI MOHAMED MOHD HASSAN NANANG MOHD RAFI ABDUL MAJID PADZLI OTHMAN RAFFI BUANG SHAHARUDIN JUMANI ZULKEFLE KHAMIS | K96: SGP | M96: BRONZE | N96: 3 | O96: 1 | P96: NO | Q96: YES | S96: {=IFERROR(_xlfn.TEXTJOIN(", ",TRUE,IF(ChangeLog[ROW_ID]=$T96,ChangeLog[Change'#],"")),"")} | T96: 87
A97: ASIAN GAMES | B97: 1990 | C97: SEPAKTAKRAW | D97: SEPAKTAKRAW | E97: SEPAKTAKRAW | F97: MEN | G97: REGU | H97: SEPAK TAKRAW | I97: REGU | J97: NUR HISHAM ADAM EDDIE ABDUL KADIR MOHD RAFI ABDUL MAJID PADZLI OTHMAN | K97: SGP | M97: BRONZE | N97: 3 | O97: 1 | P97: NO | Q97: YES | S97: {=IFERROR(_xlfn.TEXTJOIN(", ",TRUE,IF(ChangeLog[ROW_ID]=$T97,ChangeLog[Change'#],"")),"")} | T97: 88
A98: ASIAN GAMES | B98: 1990 | C98: SHOOTING | D98: SHOOTING | E98: SHOTGUN | F98: MEN | G98: TRAP | H98: SHOOTING | I98: TRAP 200 TARGETS - INDIVIDUAL (212) | J98: CHNG SENG MOK | K98: SGP | M98: BRONZE | N98: 3 | O98: 1 | P98: NO | Q98: YES | R98: 212 | S98: {=IFERROR(_xlfn.TEXTJOIN(", ",TRUE,IF(ChangeLog[ROW_ID]=$T98,ChangeLog[Change'#],"")),"")} | T98: 89
A99: ASIAN GAMES | B99: 1994 | C99: AQUATICS | D99: SWIMMING | E99: SWIMMING | F99: WOMEN | G99: 100M BUTTERFLY | H99: SWIMMING | I99: 100M BUTTERFLY (1.01.62) | J99: JOSCELIN YEO | K99: SGP | M99: BRONZE | N99: 3 | O99: 1 | P99: NO | Q99: YES | R99: 1.01.62 | S99: {=IFERROR(_xlfn.TEXTJOIN(", ",TRUE,IF(ChangeLog[ROW_ID]=$T99,ChangeLog[Change'#],"")),"")} | T99: 90
A100: ASIAN GAMES | B100: 1994 | C100: BOWLING | D100: BOWLING | E100: TENPIN BOWLING | F100: WOMEN | G100: SINGLES | H100: BOWLING | I100: LADIES' SINGLES | J100: GRACE YOUNG | K100: SGP | M100: BRONZE | N100: 3 | O100: 1 | P100: NO | Q100: YES | S100: {=IFERROR(_xlfn.TEXTJOIN(", ",TRUE,IF(ChangeLog[ROW_ID]=$T100,ChangeLog[Change'#],"")),"")} | T100: 91
...

Sheet Change Log
A1: Change Log — Original vs Cleaned (for admin review)
A2: Cleaned sheet is based off Richard Gordon's Medal Tally + HPSI's Major Games Results Date File (for Names)
A4: Change# | B4: Type | C4: Alert | D4: Games | E4: ORIGINAL Athlete | F4: Year | G4: Field(s) Changed | H4: Reason for Change | I4: ORIGINAL Sport | J4: ORIGINAL Event | K4: ORIGINAL Medal | L4: CLEANED Sport | M4: CLEANED Discipline | N4: CLEANED Event | O4: CLEANED Medal | P4: CLEANED Athlete | Q4: Orig Row | R4: Clean Row | S4: Status (Accept/Reject) | T4: ROW_ID
A5: 1 | B5: Modified | D5: SEA Games | E5: {=IF(NOT(ISNUMBER(ChangeLog[[#This Row],[Orig Row]])),"",IFERROR(INDEX(IF(ChangeLog[[#This Row],[Games]]="SEA Games",'SNOC SEAG'!$A:$A,IF(ChangeLog[[#This Row],[Games]]="Olympic Games",'SNOC OG'!$A:$A,IF(ChangeLog[[#This Row],[Games]]="Commonweatlh Games",'SNOC CW Games'!$A:$A,'SNOC AG'!$A:$A))),ChangeLog[[#This Row],[Orig Row]]),""))} -> Ong Chew Bee | F5: 1959 | G5: Sport | H5: Lawn Tennis to Tennis as Sport | I5: {=IF(NOT(ISNUMBER(ChangeLog[[#This Row],[Orig Row]])),"",IFERROR(IF(INDEX(IF(ChangeLog[[#This Row],[Games]]="SEA Games",'SNOC SEAG'!$B:$B,IF(ChangeLog[[#This Row],[Games]]="Olympic Games",'SNOC OG'!$B:$B,IF(ChangeLog[[#This Row],[Games]]="Commonweatlh Games",'SNOC CW Games'!$B:$B,'SNOC AG'!$B:$B))),ChangeLog[[#This Row],[Orig Row]])="","",INDEX(IF(ChangeLog[[#This Row],[Games]]="SEA Games",'SNOC SEAG'!$B:$B,IF(ChangeLog[[#This Row],[Games]]="Olympic Games",'SNOC OG'!$B:$B,IF(ChangeLog[[#This Row],[Games]]="Commonweatlh Games",'SNOC CW Games'!$B:$B,'SNOC AG'!$B:$B))),ChangeLog[[#This Row],[Orig Row]])),""))} -> Lawn Tennis | J5: {=IF(NOT(ISNUMBER(ChangeLog[[#This Row],[Orig Row]])),"",IFERROR(IF(INDEX(IF(ChangeLog[[#This Row],[Games]]="SEA Games",'SNOC SEAG'!$C:$C,IF(ChangeLog[[#This Row],[Games]]="Olympic Games",'SNOC OG'!$C:$C,IF(ChangeLog[[#This Row],[Games]]="Commonweatlh Games",'SNOC CW Games'!$C:$C,'SNOC AG'!$C:$C))),ChangeLog[[#This Row],[Orig Row]])="","",INDEX(IF(ChangeLog[[#This Row],[Games]]="SEA Games",'SNOC SEAG'!$C:$C,IF(ChangeLog[[#This Row],[Games]]="Olympic Games",'SNOC OG'!$C:$C,IF(ChangeLog[[#This Row],[Games]]="Commonweatlh Games",'SNOC CW Games'!$C:$C,'SNOC AG'!$C:$C))),ChangeLog[[#This Row],[Orig Row]])),""))} -> Men's singles | K5: {=IF(NOT(ISNUMBER(ChangeLog[[#This Row],[Orig Row]])),"",IFERROR(IF(INDEX(IF(ChangeLog[[#This Row],[Games]]="SEA Games",'SNOC SEAG'!$D:$D,IF(ChangeLog[[#This Row],[Games]]="Olympic Games",'SNOC OG'!$D:$D,IF(ChangeLog[[#This Row],[Games]]="Commonweatlh Games",'SNOC CW Games'!$D:$D,'SNOC AG'!$D:$D))),ChangeLog[[#This Row],[Orig Row]])="","",INDEX(IF(ChangeLog[[#This Row],[Games]]="SEA Games",'SNOC SEAG'!$D:$D,IF(ChangeLog[[#This Row],[Games]]="Olympic Games",'SNOC OG'!$D:$D,IF(ChangeLog[[#This Row],[Games]]="Commonweatlh Games",'SNOC CW Games'!$D:$D,'SNOC AG'!$D:$D))),ChangeLog[[#This Row],[Orig Row]])),""))} -> Bronze | L5: =IFERROR(IF(INDEX('Consolidated Games'!$D:$D,MATCH(ChangeLog[[#This Row],[ROW_ID]],'Consolidated Games'!$T:$T,0))="","",INDEX('Consolidated Games'!$D:$D,MATCH(ChangeLog[[#This Row],[ROW_ID]],'Consolidated Games'!$T:$T,0))),"") -> TENNIS | M5: =IFERROR(IF(INDEX('Consolidated Games'!$E:$E,MATCH(ChangeLog[[#This Row],[ROW_ID]],'Consolidated Games'!$T:$T,0))="","",INDEX('Consolidated Games'!$E:$E,MATCH(ChangeLog[[#This Row],[ROW_ID]],'Consolidated Games'!$T:$T,0))),"") -> TENNIS | N5: {=IF(NOT(ISNUMBER(ChangeLog[[#This Row],[Clean Row]])),"",IFERROR(IF(INDEX('Consolidated Games'!$G:$G,ChangeLog[[#This Row],[Clean Row]])="","",INDEX('Consolidated Games'!$G:$G,ChangeLog[[#This Row],[Clean Row]])),""))} -> SINGLES | O5: =IFERROR(IF(INDEX('Consolidated Games'!$M:$M,MATCH(ChangeLog[[#This Row],[ROW_ID]],'Consolidated Games'!$T:$T,0))="","",INDEX('Consolidated Games'!$M:$M,MATCH(ChangeLog[[#This Row],[ROW_ID]],'Consolidated Games'!$T:$T,0))),"") -> BRONZE | P5: {=IF(NOT(ISNUMBER(ChangeLog[[#This Row],[Clean Row]])),"",IFERROR(IF(INDEX('Consolidated Games'!$J:$J,ChangeLog[[#This Row],[Clean Row]])="","",INDEX('Consolidated Games'!$J:$J,ChangeLog[[#This Row],[Clean Row]])),""))} -> ONG CHEW BEE | Q5: 19 | R5: =IFERROR(MATCH(T5,'Consolidated Games'!$T:$T,0),"—") -> 733 | S5: Accept | T5: 718
A6: 2 | B6: Modified | D6: SEA Games | E6: {=IF(NOT(ISNUMBER(ChangeLog[[#This Row],[Orig Row]])),"",IFERROR(INDEX(IF(ChangeLog[[#This Row],[Games]]="SEA Games",'SNOC SEAG'!$A:$A,IF(ChangeLog[[#This Row],[Games]]="Olympic Games",'SNOC OG'!$A:$A,IF(ChangeLog[[#This Row],[Games]]="Commonweatlh Games",'SNOC CW Games'!$A:$A,'SNOC AG'!$A:$A))),ChangeLog[[#This Row],[Orig Row]]),""))} -> Ong Chew Bee_x000D_ Khong Kit Soon | F6: 1959 | G6: Sport | H6: Lawn Tennis to Tennis as Sport | I6: {=IF(NOT(ISNUMBER(ChangeLog[[#This Row],[Orig Row]])),"",IFERROR(IF(INDEX(IF(ChangeLog[[#This Row],[Games]]="SEA Games",'SNOC SEAG'!$B:$B,IF(ChangeLog[[#This Row],[Games]]="Olympic Games",'SNOC OG'!$B:$B,IF(ChangeLog[[#This Row],[Games]]="Commonweatlh Games",'SNOC CW Games'!$B:$B,'SNOC AG'!$B:$B))),ChangeLog[[#This Row],[Orig Row]])="","",INDEX(IF(ChangeLog[[#This Row],[Games]]="SEA Games",'SNOC SEAG'!$B:$B,IF(ChangeLog[[#This Row],[Games]]="Olympic Games",'SNOC OG'!$B:$B,IF(ChangeLog[[#This Row],[Games]]="Commonweatlh Games",'SNOC CW Games'!$B:$B,'SNOC AG'!$B:$B))),ChangeLog[[#This Row],[Orig Row]])),""))} -> Lawn Tennis | J6: {=IF(NOT(ISNUMBER(ChangeLog[[#This Row],[Orig Row]])),"",IFERROR(IF(INDEX(IF(ChangeLog[[#This Row],[Games]]="SEA Games",'SNOC SEAG'!$C:$C,IF(ChangeLog[[#This Row],[Games]]="Olympic Games",'SNOC OG'!$C:$C,IF(ChangeLog[[#This Row],[Games]]="Commonweatlh Games",'SNOC CW Games'!$C:$C,'SNOC AG'!$C:$C))),ChangeLog[[#This Row],[Orig Row]])="","",INDEX(IF(ChangeLog[[#This Row],[Games]]="SEA Games",'SNOC SEAG'!$C:$C,IF(ChangeLog[[#This Row],[Games]]="Olympic Games",'SNOC OG'!$C:$C,IF(ChangeLog[[#This Row],[Games]]="Commonweatlh Games",'SNOC CW Games'!$C:$C,'SNOC AG'!$C:$C))),ChangeLog[[#This Row],[Orig Row]])),""))} -> Men's doubles | K6: {=IF(NOT(ISNUMBER(ChangeLog[[#This Row],[Orig Row]])),"",IFERROR(IF(INDEX(IF(ChangeLog[[#This Row],[Games]]="SEA Games",'SNOC SEAG'!$D:$D,IF(ChangeLog[[#This Row],[Games]]="Olympic Games",'SNOC OG'!$D:$D,IF(ChangeLog[[#This Row],[Games]]="Commonweatlh Games",'SNOC CW Games'!$D:$D,'SNOC AG'!$D:$D))),ChangeLog[[#This Row],[Orig Row]])="","",INDEX(IF(ChangeLog[[#This Row],[Games]]="SEA Games",'SNOC SEAG'!$D:$D,IF(ChangeLog[[#This Row],[Games]]="Olympic Games",'SNOC OG'!$D:$D,IF(ChangeLog[[#This Row],[Games]]="Commonweatlh Games",'SNOC CW Games'!$D:$D,'SNOC AG'!$D:$D))),ChangeLog[[#This Row],[Orig Row]])),""))} -> Bronze | L6: =IFERROR(IF(INDEX('Consolidated Games'!$D:$D,MATCH(ChangeLog[[#This Row],[ROW_ID]],'Consolidated Games'!$T:$T,0))="","",INDEX('Consolidated Games'!$D:$D,MATCH(ChangeLog[[#This Row],[ROW_ID]],'Consolidated Games'!$T:$T,0))),"") -> TENNIS | M6: =IFERROR(IF(INDEX('Consolidated Games'!$E:$E,MATCH(ChangeLog[[#This Row],[ROW_ID]],'Consolidated Games'!$T:$T,0))="","",INDEX('Consolidated Games'!$E:$E,MATCH(ChangeLog[[#This Row],[ROW_ID]],'Consolidated Games'!$T:$T,0))),"") -> TENNIS | N6: {=IF(NOT(ISNUMBER(ChangeLog[[#This Row],[Clean Row]])),"",IFERROR(IF(INDEX('Consolidated Games'!$G:$G,ChangeLog[[#This Row],[Clean Row]])="","",INDEX('Consolidated Games'!$G:$G,ChangeLog[[#This Row],[Clean Row]])),""))} -> DOUBLES | O6: =IFERROR(IF(INDEX('Consolidated Games'!$M:$M,MATCH(ChangeLog[[#This Row],[ROW_ID]],'Consolidated Games'!$T:$T,0))="","",INDEX('Consolidated Games'!$M:$M,MATCH(ChangeLog[[#This Row],[ROW_ID]],'Consolidated Games'!$T:$T,0))),"") -> BRONZE | P6: {=IF(NOT(ISNUMBER(ChangeLog[[#This Row],[Clean Row]])),"",IFERROR(IF(INDEX('Consolidated Games'!$J:$J,ChangeLog[[#This Row],[Clean Row]])="","",INDEX('Consolidated Games'!$J:$J,ChangeLog[[#This Row],[Clean Row]])),""))} -> ONG CHEW BEE_x000D_ KHONG KIT SOON | Q6: 20 | R6: =IFERROR(MATCH(T6,'Consolidated Games'!$T:$T,0),"—") -> 734 | S6: Accept | T6: 719
A7: 3 | B7: Modified | C7: Y | D7: SEA Games | E7: {=IF(NOT(ISNUMBER(ChangeLog[[#This Row],[Orig Row]])),"",IFERROR(INDEX(IF(ChangeLog[[#This Row],[Games]]="SEA Games",'SNOC SEAG'!$A:$A,IF(ChangeLog[[#This Row],[Games]]="Olympic Games",'SNOC OG'!$A:$A,IF(ChangeLog[[#This Row],[Games]]="Commonweatlh Games",'SNOC CW Games'!$A:$A,'SNOC AG'!$A:$A))),ChangeLog[[#This Row],[Orig Row]]),""))} -> Tan Gek Khee_x000D_ Siah Pong Pin_x000D_ Goh Soon Hock_x000D_ Fong Hoe Beng | F7: 1959 | G7: Medal | H7: NA Medal, changed to Bronze https://en.wikipedia.org/wiki/Swimming_at_the_1959_SEAP_Games; https://eresources.nlb.gov.sg/newspapers/digitised/article/straitstimes19591218-1.2.133 | I7: {=IF(NOT(ISNUMBER(ChangeLog[[#This Row],[Orig Row]])),"",IFERROR(IF(INDEX(IF(ChangeLog[[#This Row],[Games]]="SEA Games",'SNOC SEAG'!$B:$B,IF(ChangeLog[[#This Row],[Games]]="Olympic Games",'SNOC OG'!$B:$B,IF(ChangeLog[[#This Row],[Games]]="Commonweatlh Games",'SNOC CW Games'!$B:$B,'SNOC AG'!$B:$B))),ChangeLog[[#This Row],[Orig Row]])="","",INDEX(IF(ChangeLog[[#This Row],[Games]]="SEA Games",'SNOC SEAG'!$B:$B,IF(ChangeLog[[#This Row],[Games]]="Olympic Games",'SNOC OG'!$B:$B,IF(ChangeLog[[#This Row],[Games]]="Commonweatlh Games",'SNOC CW Games'!$B:$B,'SNOC AG'!$B:$B))),ChangeLog[[#This Row],[Orig Row]])),""))} -> Swimming | J7: {=IF(NOT(ISNUMBER(ChangeLog[[#This Row],[Orig Row]])),"",IFERROR(IF(INDEX(IF(ChangeLog[[#This Row],[Games]]="SEA Games",'SNOC SEAG'!$C:$C,IF(ChangeLog[[#This Row],[Games]]="Olympic Games",'SNOC OG'!$C:$C,IF(ChangeLog[[#This Row],[Games]]="Commonweatlh Games",'SNOC CW Games'!$C:$C,'SNOC AG'!$C:$C))),ChangeLog[[#This Row],[Orig Row]])="","",INDEX(IF(ChangeLog[[#This Row],[Games]]="SEA Games",'SNOC SEAG'!$C:$C,IF(ChangeLog[[#This Row],[Games]]="Olympic Games",'SNOC OG'!$C:$C,IF(ChangeLog[[#This Row],[Games]]="Commonweatlh Games",'SNOC CW Games'!$C:$C,'SNOC AG'!$C:$C))),ChangeLog[[#This Row],[Orig Row]])),""))} -> 400m medley relay | K7: {=IF(NOT(ISNUMBER(ChangeLog[[#This Row],[Orig Row]])),"",IFERROR(IF(INDEX(IF(ChangeLog[[#This Row],[Games]]="SEA Games",'SNOC SEAG'!$D:$D,IF(ChangeLog[[#This Row],[Games]]="Olympic Games",'SNOC OG'!$D:$D,IF(ChangeLog[[#This Row],[Games]]="Commonweatlh Games",'SNOC CW Games'!$D:$D,'SNOC AG'!$D:$D))),ChangeLog[[#This Row],[Orig Row]])="","",INDEX(IF(ChangeLog[[#This Row],[Games]]="SEA Games",'SNOC SEAG'!$D:$D,IF(ChangeLog[[#This Row],[Games]]="Olympic Games",'SNOC OG'!$D:$D,IF(ChangeLog[[#This Row],[Games]]="Commonweatlh Games",'SNOC CW Games'!$D:$D,'SNOC AG'!$D:$D))),ChangeLog[[#This Row],[Orig Row]])),""))} | L7: =IFERROR(IF(INDEX('Consolidated Games'!$D:$D,MATCH(ChangeLog[[#This Row],[ROW_ID]],'Consolidated Games'!$T:$T,0))="","",INDEX('Consolidated Games'!$D:$D,MATCH(ChangeLog[[#This Row],[ROW_ID]],'Consolidated Games'!$T:$T,0))),"") | M7: =IFERROR(IF(INDEX('Consolidated Games'!$E:$E,MATCH(ChangeLog[[#This Row],[ROW_ID]],'Consolidated Games'!$T:$T,0))="","",INDEX('Consolidated Games'!$E:$E,MATCH(ChangeLog[[#This Row],[ROW_ID]],'Consolidated Games'!$T:$T,0))),"") | N7: {=IF(NOT(ISNUMBER(ChangeLog[[#This Row],[Clean Row]])),"",IFERROR(IF(INDEX('Consolidated Games'!$G:$G,ChangeLog[[#This Row],[Clean Row]])="","",INDEX('Consolidated Games'!$G:$G,ChangeLog[[#This Row],[Clean Row]])),""))} | O7: =IFERROR(IF(INDEX('Consolidated Games'!$M:$M,MATCH(ChangeLog[[#This Row],[ROW_ID]],'Consolidated Games'!$T:$T,0))="","",INDEX('Consolidated Games'!$M:$M,MATCH(ChangeLog[[#This Row],[ROW_ID]],'Consolidated Games'!$T:$T,0))),"") | P7: {=IF(NOT(ISNUMBER(ChangeLog[[#This Row],[Clean Row]])),"",IFERROR(IF(INDEX('Consolidated Games'!$J:$J,ChangeLog[[#This Row],[Clean Row]])="","",INDEX('Consolidated Games'!$J:$J,ChangeLog[[#This Row],[Clean Row]])),""))} | Q7: 29 | R7: =IFERROR(MATCH(T7,'Consolidated Games'!$T:$T,0),"—") -> — | S7: Reject; inclined to follow SNOC & Wiki as microfiche doesn’t look accurate
A8: 4 | B8: Modified | C8: Y | D8: SEA Games | E8: {=IF(NOT(ISNUMBER(ChangeLog[[#This Row],[Orig Row]])),"",IFERROR(INDEX(IF(ChangeLog[[#This Row],[Games]]="SEA Games",'SNOC SEAG'!$A:$A,IF(ChangeLog[[#This Row],[Games]]="Olympic Games",'SNOC OG'!$A:$A,IF(ChangeLog[[#This Row],[Games]]="Commonweatlh Games",'SNOC CW Games'!$A:$A,'SNOC AG'!$A:$A))),ChangeLog[[#This Row],[Orig Row]]),""))} -> Boo Gim Siong | F8: 1961 | G8: Sport, Event | H8: Boo Gim Siong won in weightlifting, not swimming | I8: {=IF(NOT(ISNUMBER(ChangeLog[[#This Row],[Orig Row]])),"",IFERROR(IF(INDEX(IF(ChangeLog[[#This Row],[Games]]="SEA Games",'SNOC SEAG'!$B:$B,IF(ChangeLog[[#This Row],[Games]]="Olympic Games",'SNOC OG'!$B:$B,IF(ChangeLog[[#This Row],[Games]]="Commonweatlh Games",'SNOC CW Games'!$B:$B,'SNOC AG'!$B:$B))),ChangeLog[[#This Row],[Orig Row]])="","",INDEX(IF(ChangeLog[[#This Row],[Games]]="SEA Games",'SNOC SEAG'!$B:$B,IF(ChangeLog[[#This Row],[Games]]="Olympic Games",'SNOC OG'!$B:$B,IF(ChangeLog[[#This Row],[Games]]="Commonweatlh Games",'SNOC CW Games'!$B:$B,'SNOC AG'!$B:$B))),ChangeLog[[#This Row],[Orig Row]])),""))} -> Swimming | J8: {=IF(NOT(ISNUMBER(ChangeLog[[#This Row],[Orig Row]])),"",IFERROR(IF(INDEX(IF(ChangeLog[[#This Row],[Games]]="SEA Games",'SNOC SEAG'!$C:$C,IF(ChangeLog[[#This Row],[Games]]="Olympic Games",'SNOC OG'!$C:$C,IF(ChangeLog[[#This Row],[Games]]="Commonweatlh Games",'SNOC CW Games'!$C:$C,'SNOC AG'!$C:$C))),ChangeLog[[#This Row],[Orig Row]])="","",INDEX(IF(ChangeLog[[#This Row],[Games]]="SEA Games",'SNOC SEAG'!$C:$C,IF(ChangeLog[[#This Row],[Games]]="Olympic Games",'SNOC OG'!$C:$C,IF(ChangeLog[[#This Row],[Games]]="Commonweatlh Games",'SNOC CW Games'!$C:$C,'SNOC AG'!$C:$C))),ChangeLog[[#This Row],[Orig Row]])),""))} | K8: {=IF(NOT(ISNUMBER(ChangeLog[[#This Row],[Orig Row]])),"",IFERROR(IF(INDEX(IF(ChangeLog[[#This Row],[Games]]="SEA Games",'SNOC SEAG'!$D:$D,IF(ChangeLog[[#This Row],[Games]]="Olympic Games",'SNOC OG'!$D:$D,IF(ChangeLog[[#This Row],[Games]]="Commonweatlh Games",'SNOC CW Games'!$D:$D,'SNOC AG'!$D:$D))),ChangeLog[[#This Row],[Orig Row]])="","",INDEX(IF(ChangeLog[[#This Row],[Games]]="SEA Games",'SNOC SEAG'!$D:$D,IF(ChangeLog[[#This Row],[Games]]="Olympic Games",'SNOC OG'!$D:$D,IF(ChangeLog[[#This Row],[Games]]="Commonweatlh Games",'SNOC CW Games'!$D:$D,'SNOC AG'!$D:$D))),ChangeLog[[#This Row],[Orig Row]])),""))} -> Bronze | L8: =IFERROR(IF(INDEX('Consolidated Games'!$D:$D,MATCH(ChangeLog[[#This Row],[ROW_ID]],'Consolidated Games'!$T:$T,0))="","",INDEX('Consolidated Games'!$D:$D,MATCH(ChangeLog[[#This Row],[ROW_ID]],'Consolidated Games'!$T:$T,0))),"") -> WEIGHTLIFTING | M8: =IFERROR(IF(INDEX('Consolidated Games'!$E:$E,MATCH(ChangeLog[[#This Row],[ROW_ID]],'Consolidated Games'!$T:$T,0))="","",INDEX('Consolidated Games'!$E:$E,MATCH(ChangeLog[[#This Row],[ROW_ID]],'Consolidated Games'!$T:$T,0))),"") -> WEIGHTLIFTING | N8: {=IF(NOT(ISNUMBER(ChangeLog[[#This Row],[Clean Row]])),"",IFERROR(IF(INDEX('Consolidated Games'!$G:$G,ChangeLog[[#This Row],[Clean Row]])="","",INDEX('Consolidated Games'!$G:$G,ChangeLog[[#This Row],[Clean Row]])),""))} -> LIGHTWEIGHT | O8: =IFERROR(IF(INDEX('Consolidated Games'!$M:$M,MATCH(ChangeLog[[#This Row],[ROW_ID]],'Consolidated Games'!$T:$T,0))="","",INDEX('Consolidated Games'!$M:$M,MATCH(ChangeLog[[#This Row],[ROW_ID]],'Consolidated Games'!$T:$T,0))),"") -> BRONZE | P8: {=IF(NOT(ISNUMBER(ChangeLog[[#This Row],[Clean Row]])),"",IFERROR(IF(INDEX('Consolidated Games'!$J:$J,ChangeLog[[#This Row],[Clean Row]])="","",INDEX('Consolidated Games'!$J:$J,ChangeLog[[#This Row],[Clean Row]])),""))} -> BOO GIM SIONG | Q8: 52 | R8: =IFERROR(MATCH(T8,'Consolidated Games'!$T:$T,0),"—") -> 766 | S8: Accept | T8: 751
A9: 5 | B9: Modified | C9: Y | D9: SEA Games | E9: {=IF(NOT(ISNUMBER(ChangeLog[[#This Row],[Orig Row]])),"",IFERROR(INDEX(IF(ChangeLog[[#This Row],[Games]]="SEA Games",'SNOC SEAG'!$A:$A,IF(ChangeLog[[#This Row],[Games]]="Olympic Games",'SNOC OG'!$A:$A,IF(ChangeLog[[#This Row],[Games]]="Commonweatlh Games",'SNOC CW Games'!$A:$A,'SNOC AG'!$A:$A))),ChangeLog[[#This Row],[Orig Row]]),""))} -> Yeo Gim Cheong | F9: 1961 | G9: Sport, Event | H9: Yeo Gim Cheong won in weightlifting, not swimming https://eresources.nlb.gov.sg/newspapers/digitised/article/straitstimes19611216-1.2.131 | I9: {=IF(NOT(ISNUMBER(ChangeLog[[#This Row],[Orig Row]])),"",IFERROR(IF(INDEX(IF(ChangeLog[[#This Row],[Games]]="SEA Games",'SNOC SEAG'!$B:$B,IF(ChangeLog[[#This Row],[Games]]="Olympic Games",'SNOC OG'!$B:$B,IF(ChangeLog[[#This Row],[Games]]="Commonweatlh Games",'SNOC CW Games'!$B:$B,'SNOC AG'!$B:$B))),ChangeLog[[#This Row],[Orig Row]])="","",INDEX(IF(ChangeLog[[#This Row],[Games]]="SEA Games",'SNOC SEAG'!$B:$B,IF(ChangeLog[[#This Row],[Games]]="Olympic Games",'SNOC OG'!$B:$B,IF(ChangeLog[[#This Row],[Games]]="Commonweatlh Games",'SNOC CW Games'!$B:$B,'SNOC AG'!$B:$B))),ChangeLog[[#This Row],[Orig Row]])),""))} -> Swimming | J9: {=IF(NOT(ISNUMBER(ChangeLog[[#This Row],[Orig Row]])),"",IFERROR(IF(INDEX(IF(ChangeLog[[#This Row],[Games]]="SEA Games",'SNOC SEAG'!$C:$C,IF(ChangeLog[[#This Row],[Games]]="Olympic Games",'SNOC OG'!$C:$C,IF(ChangeLog[[#This Row],[Games]]="Commonweatlh Games",'SNOC CW Games'!$C:$C,'SNOC AG'!$C:$C))),ChangeLog[[#This Row],[Orig Row]])="","",INDEX(IF(ChangeLog[[#This Row],[Games]]="SEA Games",'SNOC SEAG'!$C:$C,IF(ChangeLog[[#This Row],[Games]]="Olympic Games",'SNOC OG'!$C:$C,IF(ChangeLog[[#This Row],[Games]]="Commonweatlh Games",'SNOC CW Games'!$C:$C,'SNOC AG'!$C:$C))),ChangeLog[[#This Row],[Orig Row]])),""))} | K9: {=IF(NOT(ISNUMBER(ChangeLog[[#This Row],[Orig Row]])),"",IFERROR(IF(INDEX(IF(ChangeLog[[#This Row],[Games]]="SEA Games",'SNOC SEAG'!$D:$D,IF(ChangeLog[[#This Row],[Games]]="Olympic Games",'SNOC OG'!$D:$D,IF(ChangeLog[[#This Row],[Games]]="Commonweatlh Games",'SNOC CW Games'!$D:$D,'SNOC AG'!$D:$D))),ChangeLog[[#This Row],[Orig Row]])="","",INDEX(IF(ChangeLog[[#This Row],[Games]]="SEA Games",'SNOC SEAG'!$D:$D,IF(ChangeLog[[#This Row],[Games]]="Olympic Games",'SNOC OG'!$D:$D,IF(ChangeLog[[#This Row],[Games]]="Commonweatlh Games",'SNOC CW Games'!$D:$D,'SNOC AG'!$D:$D))),ChangeLog[[#This Row],[Orig Row]])),""))} -> Bronze | L9: =IFERROR(IF(INDEX('Consolidated Games'!$D:$D,MATCH(ChangeLog[[#This Row],[ROW_ID]],'Consolidated Games'!$T:$T,0))="","",INDEX('Consolidated Games'!$D:$D,MATCH(ChangeLog[[#This Row],[ROW_ID]],'Consolidated Games'!$T:$T,0))),"") -> WEIGHTLIFTING | M9: =IFERROR(IF(INDEX('Consolidated Games'!$E:$E,MATCH(ChangeLog[[#This Row],[ROW_ID]],'Consolidated Games'!$T:$T,0))="","",INDEX('Consolidated Games'!$E:$E,MATCH(ChangeLog[[#This Row],[ROW_ID]],'Consolidated Games'!$T:$T,0))),"") -> WEIGHTLIFTING | N9: {=IF(NOT(ISNUMBER(ChangeLog[[#This Row],[Clean Row]])),"",IFERROR(IF(INDEX('Consolidated Games'!$G:$G,ChangeLog[[#This Row],[Clean Row]])="","",INDEX('Consolidated Games'!$G:$G,ChangeLog[[#This Row],[Clean Row]])),""))} -> LIGHT-HEAVYWEIGHT | O9: =IFERROR(IF(INDEX('Consolidated Games'!$M:$M,MATCH(ChangeLog[[#This Row],[ROW_ID]],'Consolidated Games'!$T:$T,0))="","",INDEX('Consolidated Games'!$M:$M,MATCH(ChangeLog[[#This Row],[ROW_ID]],'Consolidated Games'!$T:$T,0))),"") -> BRONZE | P9: {=IF(NOT(ISNUMBER(ChangeLog[[#This Row],[Clean Row]])),"",IFERROR(IF(INDEX('Consolidated Games'!$J:$J,ChangeLog[[#This Row],[Clean Row]])="","",INDEX('Consolidated Games'!$J:$J,ChangeLog[[#This Row],[Clean Row]])),""))} -> YEO GIM CHEONG | Q9: 55 | R9: =IFERROR(MATCH(T9,'Consolidated Games'!$T:$T,0),"—") -> 767 | S9: Accept | T9: 752
A10: 6 | B10: Modified | D10: SEA Games | E10: {=IF(NOT(ISNUMBER(ChangeLog[[#This Row],[Orig Row]])),"",IFERROR(INDEX(IF(ChangeLog[[#This Row],[Games]]="SEA Games",'SNOC SEAG'!$A:$A,IF(ChangeLog[[#This Row],[Games]]="Olympic Games",'SNOC OG'!$A:$A,IF(ChangeLog[[#This Row],[Games]]="Commonweatlh Games",'SNOC CW Games'!$A:$A,'SNOC AG'!$A:$A))),ChangeLog[[#This Row],[Orig Row]]),""))} -> Sharin Osman & T S Kim | F10: 1965 | G10: Sport | H10: Lawn Tennis to Tennis as Sport | I10: {=IF(NOT(ISNUMBER(ChangeLog[[#This Row],[Orig Row]])),"",IFERROR(IF(INDEX(IF(ChangeLog[[#This Row],[Games]]="SEA Games",'SNOC SEAG'!$B:$B,IF(ChangeLog[[#This Row],[Games]]="Olympic Games",'SNOC OG'!$B:$B,IF(ChangeLog[[#This Row],[Games]]="Commonweatlh Games",'SNOC CW Games'!$B:$B,'SNOC AG'!$B:$B))),ChangeLog[[#This Row],[Orig Row]])="","",INDEX(IF(ChangeLog[[#This Row],[Games]]="SEA Games",'SNOC SEAG'!$B:$B,IF(ChangeLog[[#This Row],[Games]]="Olympic Games",'SNOC OG'!$B:$B,IF(ChangeLog[[#This Row],[Games]]="Commonweatlh Games",'SNOC CW Games'!$B:$B,'SNOC AG'!$B:$B))),ChangeLog[[#This Row],[Orig Row]])),""))} -> Lawn Tennis | J10: {=IF(NOT(ISNUMBER(ChangeLog[[#This Row],[Orig Row]])),"",IFERROR(IF(INDEX(IF(ChangeLog[[#This Row],[Games]]="SEA Games",'SNOC SEAG'!$C:$C,IF(ChangeLog[[#This Row],[Games]]="Olympic Games",'SNOC OG'!$C:$C,IF(ChangeLog[[#This Row],[Games]]="Commonweatlh Games",'SNOC CW Games'!$C:$C,'SNOC AG'!$C:$C))),ChangeLog[[#This Row],[Orig Row]])="","",INDEX(IF(ChangeLog[[#This Row],[Games]]="SEA Games",'SNOC SEAG'!$C:$C,IF(ChangeLog[[#This Row],[Games]]="Olympic Games",'SNOC OG'!$C:$C,IF(ChangeLog[[#This Row],[Games]]="Commonweatlh Games",'SNOC CW Games'!$C:$C,'SNOC AG'!$C:$C))),ChangeLog[[#This Row],[Orig Row]])),""))} -> Men's Double | K10: {=IF(NOT(ISNUMBER(ChangeLog[[#This Row],[Orig Row]])),"",IFERROR(IF(INDEX(IF(ChangeLog[[#This Row],[Games]]="SEA Games",'SNOC SEAG'!$D:$D,IF(ChangeLog[[#This Row],[Games]]="Olympic Games",'SNOC OG'!$D:$D,IF(ChangeLog[[#This Row],[Games]]="Commonweatlh Games",'SNOC CW Games'!$D:$D,'SNOC AG'!$D:$D))),ChangeLog[[#This Row],[Orig Row]])="","",INDEX(IF(ChangeLog[[#This Row],[Games]]="SEA Games",'SNOC SEAG'!$D:$D,IF(ChangeLog[[#This Row],[Games]]="Olympic Games",'SNOC OG'!$D:$D,IF(ChangeLog[[#This Row],[Games]]="Commonweatlh Games",'SNOC CW Games'!$D:$D,'SNOC AG'!$D:$D))),ChangeLog[[#This Row],[Orig Row]])),""))} -> Bronze | L10: =IFERROR(IF(INDEX('Consolidated Games'!$D:$D,MATCH(ChangeLog[[#This Row],[ROW_ID]],'Consolidated Games'!$T:$T,0))="","",INDEX('Consolidated Games'!$D:$D,MATCH(ChangeLog[[#This Row],[ROW_ID]],'Consolidated Games'!$T:$T,0))),"") -> TENNIS | M10: =IFERROR(IF(INDEX('Consolidated Games'!$E:$E,MATCH(ChangeLog[[#This Row],[ROW_ID]],'Consolidated Games'!$T:$T,0))="","",INDEX('Consolidated Games'!$E:$E,MATCH(ChangeLog[[#This Row],[ROW_ID]],'Consolidated Games'!$T:$T,0))),"") -> TENNIS | N10: {=IF(NOT(ISNUMBER(ChangeLog[[#This Row],[Clean Row]])),"",IFERROR(IF(INDEX('Consolidated Games'!$G:$G,ChangeLog[[#This Row],[Clean Row]])="","",INDEX('Consolidated Games'!$G:$G,ChangeLog[[#This Row],[Clean Row]])),""))} -> DOUBLES | O10: =IFERROR(IF(INDEX('Consolidated Games'!$M:$M,MATCH(ChangeLog[[#This Row],[ROW_ID]],'Consolidated Games'!$T:$T,0))="","",INDEX('Consolidated Games'!$M:$M,MATCH(ChangeLog[[#This Row],[ROW_ID]],'Consolidated Games'!$T:$T,0))),"") -> BRONZE | P10: {=IF(NOT(ISNUMBER(ChangeLog[[#This Row],[Clean Row]])),"",IFERROR(IF(INDEX('Consolidated Games'!$J:$J,ChangeLog[[#This Row],[Clean Row]])="","",INDEX('Consolidated Games'!$J:$J,ChangeLog[[#This Row],[Clean Row]])),""))} -> SHARIN OSMAN & T S KIM | Q10: 91 | R10: =IFERROR(MATCH(T10,'Consolidated Games'!$T:$T,0),"—") -> 836 | S10: Accept | T10: 825
A11: 7 | B11: Removed (orig only) | D11: SEA Games | E11: {=IF(NOT(ISNUMBER(ChangeLog[[#This Row],[Orig Row]])),"",IFERROR(INDEX(IF(ChangeLog[[#This Row],[Games]]="SEA Games",'SNOC SEAG'!$A:$A,IF(ChangeLog[[#This Row],[Games]]="Olympic Games",'SNOC OG'!$A:$A,IF(ChangeLog[[#This Row],[Games]]="Commonweatlh Games",'SNOC CW Games'!$A:$A,'SNOC AG'!$A:$A))),ChangeLog[[#This Row],[Orig Row]]),""))} -> Cheong Kwok Chen | F11: 1965 | G11: Sport | H11: No medal. Finished 4th (newspaper article) | I11: {=IF(NOT(ISNUMBER(ChangeLog[[#This Row],[Orig Row]])),"",IFERROR(IF(INDEX(IF(ChangeLog[[#This Row],[Games]]="SEA Games",'SNOC SEAG'!$B:$B,IF(ChangeLog[[#This Row],[Games]]="Olympic Games",'SNOC OG'!$B:$B,IF(ChangeLog[[#This Row],[Games]]="Commonweatlh Games",'SNOC CW Games'!$B:$B,'SNOC AG'!$B:$B))),ChangeLog[[#This Row],[Orig Row]])="","",INDEX(IF(ChangeLog[[#This Row],[Games]]="SEA Games",'SNOC SEAG'!$B:$B,IF(ChangeLog[[#This Row],[Games]]="Olympic Games",'SNOC OG'!$B:$B,IF(ChangeLog[[#This Row],[Games]]="Commonweatlh Games",'SNOC CW Games'!$B:$B,'SNOC AG'!$B:$B))),ChangeLog[[#This Row],[Orig Row]])),""))} -> Swimming | J11: {=IF(NOT(ISNUMBER(ChangeLog[[#This Row],[Orig Row]])),"",IFERROR(IF(INDEX(IF(ChangeLog[[#This Row],[Games]]="SEA Games",'SNOC SEAG'!$C:$C,IF(ChangeLog[[#This Row],[Games]]="Olympic Games",'SNOC OG'!$C:$C,IF(ChangeLog[[#This Row],[Games]]="Commonweatlh Games",'SNOC CW Games'!$C:$C,'SNOC AG'!$C:$C))),ChangeLog[[#This Row],[Orig Row]])="","",INDEX(IF(ChangeLog[[#This Row],[Games]]="SEA Games",'SNOC SEAG'!$C:$C,IF(ChangeLog[[#This Row],[Games]]="Olympic Games",'SNOC OG'!$C:$C,IF(ChangeLog[[#This Row],[Games]]="Commonweatlh Games",'SNOC CW Games'!$C:$C,'SNOC AG'!$C:$C))),ChangeLog[[#This Row],[Orig Row]])),""))} -> Springboard diving (required dives) | K11: {=IF(NOT(ISNUMBER(ChangeLog[[#This Row],[Orig Row]])),"",IFERROR(IF(INDEX(IF(ChangeLog[[#This Row],[Games]]="SEA Games",'SNOC SEAG'!$D:$D,IF(ChangeLog[[#This Row],[Games]]="Olympic Games",'SNOC OG'!$D:$D,IF(ChangeLog[[#This Row],[Games]]="Commonweatlh Games",'SNOC CW Games'!$D:$D,'SNOC AG'!$D:$D))),ChangeLog[[#This Row],[Orig Row]])="","",INDEX(IF(ChangeLog[[#This Row],[Games]]="SEA Games",'SNOC SEAG'!$D:$D,IF(ChangeLog[[#This Row],[Games]]="Olympic Games",'SNOC OG'!$D:$D,IF(ChangeLog[[#This Row],[Games]]="Commonweatlh Games",'SNOC CW Games'!$D:$D,'SNOC AG'!$D:$D))),ChangeLog[[#This Row],[Orig Row]])),""))} -> Gold | L11: =IFERROR(IF(INDEX('Consolidated Games'!$D:$D,MATCH(ChangeLog[[#This Row],[ROW_ID]],'Consolidated Games'!$T:$T,0))="","",INDEX('Consolidated Games'!$D:$D,MATCH(ChangeLog[[#This Row],[ROW_ID]],'Consolidated Games'!$T:$T,0))),"") | M11: =IFERROR(IF(INDEX('Consolidated Games'!$E:$E,MATCH(ChangeLog[[#This Row],[ROW_ID]],'Consolidated Games'!$T:$T,0))="","",INDEX('Consolidated Games'!$E:$E,MATCH(ChangeLog[[#This Row],[ROW_ID]],'Consolidated Games'!$T:$T,0))),"") | N11: {=IF(NOT(ISNUMBER(ChangeLog[[#This Row],[Clean Row]])),"",IFERROR(IF(INDEX('Consolidated Games'!$G:$G,ChangeLog[[#This Row],[Clean Row]])="","",INDEX('Consolidated Games'!$G:$G,ChangeLog[[#This Row],[Clean Row]])),""))} | O11: =IFERROR(IF(INDEX('Consolidated Games'!$M:$M,MATCH(ChangeLog[[#This Row],[ROW_ID]],'Consolidated Games'!$T:$T,0))="","",INDEX('Consolidated Games'!$M:$M,MATCH(ChangeLog[[#This Row],[ROW_ID]],'Consolidated Games'!$T:$T,0))),"") | P11: {=IF(NOT(ISNUMBER(ChangeLog[[#This Row],[Clean Row]])),"",IFERROR(IF(INDEX('Consolidated Games'!$J:$J,ChangeLog[[#This Row],[Clean Row]])="","",INDEX('Consolidated Games'!$J:$J,ChangeLog[[#This Row],[Clean Row]])),""))} | Q11: 106 | R11: =IFERROR(MATCH(T11,'Consolidated Games'!$T:$T,0),"—") -> — | S11: Accept
A12: 8 | B12: Modified | D12: SEA Games | E12: {=IF(NOT(ISNUMBER(ChangeLog[[#This Row],[Orig Row]])),"",IFERROR(INDEX(IF(ChangeLog[[#This Row],[Games]]="SEA Games",'SNOC SEAG'!$A:$A,IF(ChangeLog[[#This Row],[Games]]="Olympic Games",'SNOC OG'!$A:$A,IF(ChangeLog[[#This Row],[Games]]="Commonweatlh Games",'SNOC CW Games'!$A:$A,'SNOC AG'!$A:$A))),ChangeLog[[#This Row],[Orig Row]]),""))} -> Hui Peng Seng (Diving) | F12: 1965 | G12: Sport | H12: Changed from Swimming to Diving as Sport | I12: {=IF(NOT(ISNUMBER(ChangeLog[[#This Row],[Orig Row]])),"",IFERROR(IF(INDEX(IF(ChangeLog[[#This Row],[Games]]="SEA Games",'SNOC SEAG'!$B:$B,IF(ChangeLog[[#This Row],[Games]]="Olympic Games",'SNOC OG'!$B:$B,IF(ChangeLog[[#This Row],[Games]]="Commonweatlh Games",'SNOC CW Games'!$B:$B,'SNOC AG'!$B:$B))),ChangeLog[[#This Row],[Orig Row]])="","",INDEX(IF(ChangeLog[[#This Row],[Games]]="SEA Games",'SNOC SEAG'!$B:$B,IF(ChangeLog[[#This Row],[Games]]="Olympic Games",'SNOC OG'!$B:$B,IF(ChangeLog[[#This Row],[Games]]="Commonweatlh Games",'SNOC CW Games'!$B:$B,'SNOC AG'!$B:$B))),ChangeLog[[#This Row],[Orig Row]])),""))} -> Swimming | J12: {=IF(NOT(ISNUMBER(ChangeLog[[#This Row],[Orig Row]])),"",IFERROR(IF(INDEX(IF(ChangeLog[[#This Row],[Games]]="SEA Games",'SNOC SEAG'!$C:$C,IF(ChangeLog[[#This Row],[Games]]="Olympic Games",'SNOC OG'!$C:$C,IF(ChangeLog[[#This Row],[Games]]="Commonweatlh Games",'SNOC CW Games'!$C:$C,'SNOC AG'!$C:$C))),ChangeLog[[#This Row],[Orig Row]])="","",INDEX(IF(ChangeLog[[#This Row],[Games]]="SEA Games",'SNOC SEAG'!$C:$C,IF(ChangeLog[[#This Row],[Games]]="Olympic Games",'SNOC OG'!$C:$C,IF(ChangeLog[[#This Row],[Games]]="Commonweatlh Games",'SNOC CW Games'!$C:$C,'SNOC AG'!$C:$C))),ChangeLog[[#This Row],[Orig Row]])),""))} -> Springboard diving (required dives) | K12: {=IF(NOT(ISNUMBER(ChangeLog[[#This Row],[Orig Row]])),"",IFERROR(IF(INDEX(IF(ChangeLog[[#This Row],[Games]]="SEA Games",'SNOC SEAG'!$D:$D,IF(ChangeLog[[#This Row],[Games]]="Olympic Games",'SNOC OG'!$D:$D,IF(ChangeLog[[#This Row],[Games]]="Commonweatlh Games",'SNOC CW Games'!$D:$D,'SNOC AG'!$D:$D))),ChangeLog[[#This Row],[Orig Row]])="","",INDEX(IF(ChangeLog[[#This Row],[Games]]="SEA Games",'SNOC SEAG'!$D:$D,IF(ChangeLog[[#This Row],[Games]]="Olympic Games",'SNOC OG'!$D:$D,IF(ChangeLog[[#This Row],[Games]]="Commonweatlh Games",'SNOC CW Games'!$D:$D,'SNOC AG'!$D:$D))),ChangeLog[[#This Row],[Orig Row]])),""))} -> Gold | L12: =IFERROR(IF(INDEX('Consolidated Games'!$D:$D,MATCH(ChangeLog[[#This Row],[ROW_ID]],'Consolidated Games'!$T:$T,0))="","",INDEX('Consolidated Games'!$D:$D,MATCH(ChangeLog[[#This Row],[ROW_ID]],'Consolidated Games'!$T:$T,0))),"") -> DIVING | M12: =IFERROR(IF(INDEX('Consolidated Games'!$E:$E,MATCH(ChangeLog[[#This Row],[ROW_ID]],'Consolidated Games'!$T:$T,0))="","",INDEX('Consolidated Games'!$E:$E,MATCH(ChangeLog[[#This Row],[ROW_ID]],'Consolidated Games'!$T:$T,0))),"") -> DIVING | N12: {=IF(NOT(ISNUMBER(ChangeLog[[#This Row],[Clean Row]])),"",IFERROR(IF(INDEX('Consolidated Games'!$G:$G,ChangeLog[[#This Row],[Clean Row]])="","",INDEX('Consolidated Games'!$G:$G,ChangeLog[[#This Row],[Clean Row]])),""))} -> 3M SPRINGBOARD | O12: =IFERROR(IF(INDEX('Consolidated Games'!$M:$M,MATCH(ChangeLog[[#This Row],[ROW_ID]],'Consolidated Games'!$T:$T,0))="","",INDEX('Consolidated Games'!$M:$M,MATCH(ChangeLog[[#This Row],[ROW_ID]],'Consolidated Games'!$T:$T,0))),"") -> GOLD | P12: {=IF(NOT(ISNUMBER(ChangeLog[[#This Row],[Clean Row]])),"",IFERROR(IF(INDEX('Consolidated Games'!$J:$J,ChangeLog[[#This Row],[Clean Row]])="","",INDEX('Consolidated Games'!$J:$J,ChangeLog[[#This Row],[Clean Row]])),""))} -> HUI PENG SENG (DIVING) | Q12: 109 | R12: =IFERROR(MATCH(T12,'Consolidated Games'!$T:$T,0),"—") -> 770 | S12: Accept | T12: 755
A13: 9 | B13: Modified | D13: SEA Games | E13: {=IF(NOT(ISNUMBER(ChangeLog[[#This Row],[Orig Row]])),"",IFERROR(INDEX(IF(ChangeLog[[#This Row],[Games]]="SEA Games",'SNOC SEAG'!$A:$A,IF(ChangeLog[[#This Row],[Games]]="Olympic Games",'SNOC OG'!$A:$A,IF(ChangeLog[[#This Row],[Games]]="Commonweatlh Games",'SNOC CW Games'!$A:$A,'SNOC AG'!$A:$A))),ChangeLog[[#This Row],[Orig Row]]),""))} -> Nora Tay | F13: 1965 | G13: Sport | H13: Changed from Swimming to Diving as Sport | I13: {=IF(NOT(ISNUMBER(ChangeLog[[#This Row],[Orig Row]])),"",IFERROR(IF(INDEX(IF(ChangeLog[[#This Row],[Games]]="SEA Games",'SNOC SEAG'!$B:$B,IF(ChangeLog[[#This Row],[Games]]="Olympic Games",'SNOC OG'!$B:$B,IF(ChangeLog[[#This Row],[Games]]="Commonweatlh Games",'SNOC CW Games'!$B:$B,'SNOC AG'!$B:$B))),ChangeLog[[#This Row],[Orig Row]])="","",INDEX(IF(ChangeLog[[#This Row],[Games]]="SEA Games",'SNOC SEAG'!$B:$B,IF(ChangeLog[[#This Row],[Games]]="Olympic Games",'SNOC OG'!$B:$B,IF(ChangeLog[[#This Row],[Games]]="Commonweatlh Games",'SNOC CW Games'!$B:$B,'SNOC AG'!$B:$B))),ChangeLog[[#This Row],[Orig Row]])),""))} -> Swimming | J13: {=IF(NOT(ISNUMBER(ChangeLog[[#This Row],[Orig Row]])),"",IFERROR(IF(INDEX(IF(ChangeLog[[#This Row],[Games]]="SEA Games",'SNOC SEAG'!$C:$C,IF(ChangeLog[[#This Row],[Games]]="Olympic Games",'SNOC OG'!$C:$C,IF(ChangeLog[[#This Row],[Games]]="Commonweatlh Games",'SNOC CW Games'!$C:$C,'SNOC AG'!$C:$C))),ChangeLog[[#This Row],[Orig Row]])="","",INDEX(IF(ChangeLog[[#This Row],[Games]]="SEA Games",'SNOC SEAG'!$C:$C,IF(ChangeLog[[#This Row],[Games]]="Olympic Games",'SNOC OG'!$C:$C,IF(ChangeLog[[#This Row],[Games]]="Commonweatlh Games",'SNOC CW Games'!$C:$C,'SNOC AG'!$C:$C))),ChangeLog[[#This Row],[Orig Row]])),""))} -> Springboard diving (required dives) | K13: {=IF(NOT(ISNUMBER(ChangeLog[[#This Row],[Orig Row]])),"",IFERROR(IF(INDEX(IF(ChangeLog[[#This Row],[Games]]="SEA Games",'SNOC SEAG'!$D:$D,IF(ChangeLog[[#This Row],[Games]]="Olympic Games",'SNOC OG'!$D:$D,IF(ChangeLog[[#This Row],[Games]]="Commonweatlh Games",'SNOC CW Games'!$D:$D,'SNOC AG'!$D:$D))),ChangeLog[[#This Row],[Orig Row]])="","",INDEX(IF(ChangeLog[[#This Row],[Games]]="SEA Games",'SNOC SEAG'!$D:$D,IF(ChangeLog[[#This Row],[Games]]="Olympic Games",'SNOC OG'!$D:$D,IF(ChangeLog[[#This Row],[Games]]="Commonweatlh Games",'SNOC CW Games'!$D:$D,'SNOC AG'!$D:$D))),ChangeLog[[#This Row],[Orig Row]])),""))} -> Gold | L13: =IFERROR(IF(INDEX('Consolidated Games'!$D:$D,MATCH(ChangeLog[[#This Row],[ROW_ID]],'Consolidated Games'!$T:$T,0))="","",INDEX('Consolidated Games'!$D:$D,MATCH(ChangeLog[[#This Row],[ROW_ID]],'Consolidated Games'!$T:$T,0))),"") -> DIVING | M13: =IFERROR(IF(INDEX('Consolidated Games'!$E:$E,MATCH(ChangeLog[[#This Row],[ROW_ID]],'Consolidated Games'!$T:$T,0))="","",INDEX('Consolidated Games'!$E:$E,MATCH(ChangeLog[[#This Row],[ROW_ID]],'Consolidated Games'!$T:$T,0))),"") -> DIVING | N13: {=IF(NOT(ISNUMBER(ChangeLog[[#This Row],[Clean Row]])),"",IFERROR(IF(INDEX('Consolidated Games'!$G:$G,ChangeLog[[#This Row],[Clean Row]])="","",INDEX('Consolidated Games'!$G:$G,ChangeLog[[#This Row],[Clean Row]])),""))} -> 3M SPRINGBOARD | O13: =IFERROR(IF(INDEX('Consolidated Games'!$M:$M,MATCH(ChangeLog[[#This Row],[ROW_ID]],'Consolidated Games'!$T:$T,0))="","",INDEX('Consolidated Games'!$M:$M,MATCH(ChangeLog[[#This Row],[ROW_ID]],'Consolidated Games'!$T:$T,0))),"") -> SILVER | P13: {=IF(NOT(ISNUMBER(ChangeLog[[#This Row],[Clean Row]])),"",IFERROR(IF(INDEX('Consolidated Games'!$J:$J,ChangeLog[[#This Row],[Clean Row]])="","",INDEX('Consolidated Games'!$J:$J,ChangeLog[[#This Row],[Clean Row]])),""))} -> NORA TAY | Q13: 110 | R13: =IFERROR(MATCH(T13,'Consolidated Games'!$T:$T,0),"—") -> 771 | S13: Accept | T13: 756
A14: 10 | B14: Removed (orig only) | D14: SEA Games | E14: {=IF(NOT(ISNUMBER(ChangeLog[[#This Row],[Orig Row]])),"",IFERROR(INDEX(IF(ChangeLog[[#This Row],[Games]]="SEA Games",'SNOC SEAG'!$A:$A,IF(ChangeLog[[#This Row],[Games]]="Olympic Games",'SNOC OG'!$A:$A,IF(ChangeLog[[#This Row],[Games]]="Commonweatlh Games",'SNOC CW Games'!$A:$A,'SNOC AG'!$A:$A))),ChangeLog[[#This Row],[Orig Row]]),""))} -> Nora Tay | F14: 1965 | G14: Sport | H14: Voluntary Dive not included in medal count | I14: {=IF(NOT(ISNUMBER(ChangeLog[[#This Row],[Orig Row]])),"",IFERROR(IF(INDEX(IF(ChangeLog[[#This Row],[Games]]="SEA Games",'SNOC SEAG'!$B:$B,IF(ChangeLog[[#This Row],[Games]]="Olympic Games",'SNOC OG'!$B:$B,IF(ChangeLog[[#This Row],[Games]]="Commonweatlh Games",'SNOC CW Games'!$B:$B,'SNOC AG'!$B:$B))),ChangeLog[[#This Row],[Orig Row]])="","",INDEX(IF(ChangeLog[[#This Row],[Games]]="SEA Games",'SNOC SEAG'!$B:$B,IF(ChangeLog[[#This Row],[Games]]="Olympic Games",'SNOC OG'!$B:$B,IF(ChangeLog[[#This Row],[Games]]="Commonweatlh Games",'SNOC CW Games'!$B:$B,'SNOC AG'!$B:$B))),ChangeLog[[#This Row],[Orig Row]])),""))} -> Swimming | J14: {=IF(NOT(ISNUMBER(ChangeLog[[#This Row],[Orig Row]])),"",IFERROR(IF(INDEX(IF(ChangeLog[[#This Row],[Games]]="SEA Games",'SNOC SEAG'!$C:$C,IF(ChangeLog[[#This Row],[Games]]="Olympic Games",'SNOC OG'!$C:$C,IF(ChangeLog[[#This Row],[Games]]="Commonweatlh Games",'SNOC CW Games'!$C:$C,'SNOC AG'!$C:$C))),ChangeLog[[#This Row],[Orig Row]])="","",INDEX(IF(ChangeLog[[#This Row],[Games]]="SEA Games",'SNOC SEAG'!$C:$C,IF(ChangeLog[[#This Row],[Games]]="Olympic Games",'SNOC OG'!$C:$C,IF(ChangeLog[[#This Row],[Games]]="Commonweatlh Games",'SNOC CW Games'!$C:$C,'SNOC AG'!$C:$C))),ChangeLog[[#This Row],[Orig Row]])),""))} -> Springboard diving (voluntary dives) | K14: {=IF(NOT(ISNUMBER(ChangeLog[[#This Row],[Orig Row]])),"",IFERROR(IF(INDEX(IF(ChangeLog[[#This Row],[Games]]="SEA Games",'SNOC SEAG'!$D:$D,IF(ChangeLog[[#This Row],[Games]]="Olympic Games",'SNOC OG'!$D:$D,IF(ChangeLog[[#This Row],[Games]]="Commonweatlh Games",'SNOC CW Games'!$D:$D,'SNOC AG'!$D:$D))),ChangeLog[[#This Row],[Orig Row]])="","",INDEX(IF(ChangeLog[[#This Row],[Games]]="SEA Games",'SNOC SEAG'!$D:$D,IF(ChangeLog[[#This Row],[Games]]="Olympic Games",'SNOC OG'!$D:$D,IF(ChangeLog[[#This Row],[Games]]="Commonweatlh Games",'SNOC CW Games'!$D:$D,'SNOC AG'!$D:$D))),ChangeLog[[#This Row],[Orig Row]])),""))} -> Silver | L14: =IFERROR(IF(INDEX('Consolidated Games'!$D:$D,MATCH(ChangeLog[[#This Row],[ROW_ID]],'Consolidated Games'!$T:$T,0))="","",INDEX('Consolidated Games'!$D:$D,MATCH(ChangeLog[[#This Row],[ROW_ID]],'Consolidated Games'!$T:$T,0))),"") | M14: =IFERROR(IF(INDEX('Consolidated Games'!$E:$E,MATCH(ChangeLog[[#This Row],[ROW_ID]],'Consolidated Games'!$T:$T,0))="","",INDEX('Consolidated Games'!$E:$E,MATCH(ChangeLog[[#This Row],[ROW_ID]],'Consolidated Games'!$T:$T,0))),"") | N14: {=IF(NOT(ISNUMBER(ChangeLog[[#This Row],[Clean Row]])),"",IFERROR(IF(INDEX('Consolidated Games'!$G:$G,ChangeLog[[#This Row],[Clean Row]])="","",INDEX('Consolidated Games'!$G:$G,ChangeLog[[#This Row],[Clean Row]])),""))} | O14: =IFERROR(IF(INDEX('Consolidated Games'!$M:$M,MATCH(ChangeLog[[#This Row],[ROW_ID]],'Consolidated Games'!$T:$T,0))="","",INDEX('Consolidated Games'!$M:$M,MATCH(ChangeLog[[#This Row],[ROW_ID]],'Consolidated Games'!$T:$T,0))),"") | P14: {=IF(NOT(ISNUMBER(ChangeLog[[#This Row],[Clean Row]])),"",IFERROR(IF(INDEX('Consolidated Games'!$J:$J,ChangeLog[[#This Row],[Clean Row]])="","",INDEX('Consolidated Games'!$J:$J,ChangeLog[[#This Row],[Clean Row]])),""))} | Q14: 133 | R14: =IFERROR(MATCH(T14,'Consolidated Games'!$T:$T,0),"—") -> — | S14: Accept
A15: 11 | B15: Modified | D15: SEA Games | E15: {=IF(NOT(ISNUMBER(ChangeLog[[#This Row],[Orig Row]])),"",IFERROR(INDEX(IF(ChangeLog[[#This Row],[Games]]="SEA Games",'SNOC SEAG'!$A:$A,IF(ChangeLog[[#This Row],[Games]]="Olympic Games",'SNOC OG'!$A:$A,IF(ChangeLog[[#This Row],[Games]]="Commonweatlh Games",'SNOC CW Games'!$A:$A,'SNOC AG'!$A:$A))),ChangeLog[[#This Row],[Orig Row]]),""))} -> Tan Eng Bock_x000D_ Tan Eng Liang_x000D_ Eric Yeo Oon Tat_x000D_ Tan Yam Cheng_x000D_ Lim Teck Pan_x000D_ Gan Eng Joo_x000D_ Su Hong Zee_x000D_ Pang Tee Ann_x000D_ Pang Chin She_x000D_ David Lim | F15: 1965 | G15: Sport | H15: Changed to Water Polo as Sport to align with downstream names | I15: {=IF(NOT(ISNUMBER(ChangeLog[[#This Row],[Orig Row]])),"",IFERROR(IF(INDEX(IF(ChangeLog[[#This Row],[Games]]="SEA Games",'SNOC SEAG'!$B:$B,IF(ChangeLog[[#This Row],[Games]]="Olympic Games",'SNOC OG'!$B:$B,IF(ChangeLog[[#This Row],[Games]]="Commonweatlh Games",'SNOC CW Games'!$B:$B,'SNOC AG'!$B:$B))),ChangeLog[[#This Row],[Orig Row]])="","",INDEX(IF(ChangeLog[[#This Row],[Games]]="SEA Games",'SNOC SEAG'!$B:$B,IF(ChangeLog[[#This Row],[Games]]="Olympic Games",'SNOC OG'!$B:$B,IF(ChangeLog[[#This Row],[Games]]="Commonweatlh Games",'SNOC CW Games'!$B:$B,'SNOC AG'!$B:$B))),ChangeLog[[#This Row],[Orig Row]])),""))} -> Waterpolo | J15: {=IF(NOT(ISNUMBER(ChangeLog[[#This Row],[Orig Row]])),"",IFERROR(IF(INDEX(IF(ChangeLog[[#This Row],[Games]]="SEA Games",'SNOC SEAG'!$C:$C,IF(ChangeLog[[#This Row],[Games]]="Olympic Games",'SNOC OG'!$C:$C,IF(ChangeLog[[#This Row],[Games]]="Commonweatlh Games",'SNOC CW Games'!$C:$C,'SNOC AG'!$C:$C))),ChangeLog[[#This Row],[Orig Row]])="","",INDEX(IF(ChangeLog[[#This Row],[Games]]="SEA Games",'SNOC SEAG'!$C:$C,IF(ChangeLog[[#This Row],[Games]]="Olympic Games",'SNOC OG'!$C:$C,IF(ChangeLog[[#This Row],[Games]]="Commonweatlh Games",'SNOC CW Games'!$C:$C,'SNOC AG'!$C:$C))),ChangeLog[[#This Row],[Orig Row]])),""))} -> On goal average | K15: {=IF(NOT(ISNUMBER(ChangeLog[[#This Row],[Orig Row]])),"",IFERROR(IF(INDEX(IF(ChangeLog[[#This Row],[Games]]="SEA Games",'SNOC SEAG'!$D:$D,IF(ChangeLog[[#This Row],[Games]]="Olympic Games",'SNOC OG'!$D:$D,IF(ChangeLog[[#This Row],[Games]]="Commonweatlh Games",'SNOC CW Games'!$D:$D,'SNOC AG'!$D:$D))),ChangeLog[[#This Row],[Orig Row]])="","",INDEX(IF(ChangeLog[[#This Row],[Games]]="SEA Games",'SNOC SEAG'!$D:$D,IF(ChangeLog[[#This Row],[Games]]="Olympic Games",'SNOC OG'!$D:$D,IF(ChangeLog[[#This Row],[Games]]="Commonweatlh Games",'SNOC CW Games'!$D:$D,'SNOC AG'!$D:$D))),ChangeLog[[#This Row],[Orig Row]])),""))} -> Gold | L15: =IFERROR(IF(INDEX('Consolidated Games'!$D:$D,MATCH(ChangeLog[[#This Row],[ROW_ID]],'Consolidated Games'!$T:$T,0))="","",INDEX('Consolidated Games'!$D:$D,MATCH(ChangeLog[[#This Row],[ROW_ID]],'Consolidated Games'!$T:$T,0))),"") -> WATER POLO | M15: =IFERROR(IF(INDEX('Consolidated Games'!$E:$E,MATCH(ChangeLog[[#This Row],[ROW_ID]],'Consolidated Games'!$T:$T,0))="","",INDEX('Consolidated Games'!$E:$E,MATCH(ChangeLog[[#This Row],[ROW_ID]],'Consolidated Games'!$T:$T,0))),"") -> WATER POLO | N15: {=IF(NOT(ISNUMBER(ChangeLog[[#This Row],[Clean Row]])),"",IFERROR(IF(INDEX('Consolidated Games'!$G:$G,ChangeLog[[#This Row],[Clean Row]])="","",INDEX('Consolidated Games'!$G:$G,ChangeLog[[#This Row],[Clean Row]])),""))} -> TEAM | O15: =IFERROR(IF(INDEX('Consolidated Games'!$M:$M,MATCH(ChangeLog[[#This Row],[ROW_ID]],'Consolidated Games'!$T:$T,0))="","",INDEX('Consolidated Games'!$M:$M,MATCH(ChangeLog[[#This Row],[ROW_ID]],'Consolidated Games'!$T:$T,0))),"") -> GOLD | P15: {=IF(NOT(ISNUMBER(ChangeLog[[#This Row],[Clean Row]])),"",IFERROR(IF(INDEX('Consolidated Games'!$J:$J,ChangeLog[[#This Row],[Clean Row]])="","",INDEX('Consolidated Games'!$J:$J,ChangeLog[[#This Row],[Clean Row]])),""))} -> TAN ENG BOCK_x000D_ TAN ENG LIANG_x000D_ ERIC YEO OON TAT_x000D_ TAN YAM CHENG_x000D_ LIM TECK PAN_x000D_ GAN ENG JOO_x000D_ SU HONG ZEE_x000D_ PANG TEE ANN_x000D_ PANG CHIN SHE_x000D_ DAVID LIM | Q15: 138 | R15: =IFERROR(MATCH(T15,'Consolidated Games'!$T:$T,0),"—") -> 772 | S15: Accept | T15: 757
A16: 12 | B16: Modified | D16: SEA Games | E16: {=IF(NOT(ISNUMBER(ChangeLog[[#This Row],[Orig Row]])),"",IFERROR(INDEX(IF(ChangeLog[[#This Row],[Games]]="SEA Games",'SNOC SEAG'!$A:$A,IF(ChangeLog[[#This Row],[Games]]="Olympic Games",'SNOC OG'!$A:$A,IF(ChangeLog[[#This Row],[Games]]="Commonweatlh Games",'SNOC CW Games'!$A:$A,'SNOC AG'!$A:$A))),ChangeLog[[#This Row],[Orig Row]]),""))} -> M Ghani Bin Desa | F16: 1967 | G16: Sport | H16: Changed from Swimming to Diving as Sport | I16: {=IF(NOT(ISNUMBER(ChangeLog[[#This Row],[Orig Row]])),"",IFERROR(IF(INDEX(IF(ChangeLog[[#This Row],[Games]]="SEA Games",'SNOC SEAG'!$B:$B,IF(ChangeLog[[#This Row],[Games]]="Olympic Games",'SNOC OG'!$B:$B,IF(ChangeLog[[#This Row],[Games]]="Commonweatlh Games",'SNOC CW Games'!$B:$B,'SNOC AG'!$B:$B))),ChangeLog[[#This Row],[Orig Row]])="","",INDEX(IF(ChangeLog[[#This Row],[Games]]="SEA Games",'SNOC SEAG'!$B:$B,IF(ChangeLog[[#This Row],[Games]]="Olympic Games",'SNOC OG'!$B:$B,IF(ChangeLog[[#This Row],[Games]]="Commonweatlh Games",'SNOC CW Games'!$B:$B,'SNOC AG'!$B:$B))),ChangeLog[[#This Row],[Orig Row]])),""))} -> Swimming | J16: {=IF(NOT(ISNUMBER(ChangeLog[[#This Row],[Orig Row]])),"",IFERROR(IF(INDEX(IF(ChangeLog[[#This Row],[Games]]="SEA Games",'SNOC SEAG'!$C:$C,IF(ChangeLog[[#This Row],[Games]]="Olympic Games",'SNOC OG'!$C:$C,IF(ChangeLog[[#This Row],[Games]]="Commonweatlh Games",'SNOC CW Games'!$C:$C,'SNOC AG'!$C:$C))),ChangeLog[[#This Row],[Orig Row]])="","",INDEX(IF(ChangeLog[[#This Row],[Games]]="SEA Games",'SNOC SEAG'!$C:$C,IF(ChangeLog[[#This Row],[Games]]="Olympic Games",'SNOC OG'!$C:$C,IF(ChangeLog[[#This Row],[Games]]="Commonweatlh Games",'SNOC CW Games'!$C:$C,'SNOC AG'!$C:$C))),ChangeLog[[#This Row],[Orig Row]])),""))} -> High Diving | K16: {=IF(NOT(ISNUMBER(ChangeLog[[#This Row],[Orig Row]])),"",IFERROR(IF(INDEX(IF(ChangeLog[[#This Row],[Games]]="SEA Games",'SNOC SEAG'!$D:$D,IF(ChangeLog[[#This Row],[Games]]="Olympic Games",'SNOC OG'!$D:$D,IF(ChangeLog[[#This Row],[Games]]="Commonweatlh Games",'SNOC CW Games'!$D:$D,'SNOC AG'!$D:$D))),ChangeLog[[#This Row],[Orig Row]])="","",INDEX(IF(ChangeLog[[#This Row],[Games]]="SEA Games",'SNOC SEAG'!$D:$D,IF(ChangeLog[[#This Row],[Games]]="Olympic Games",'SNOC OG'!$D:$D,IF(ChangeLog[[#This Row],[Games]]="Commonweatlh Games",'SNOC CW Games'!$D:$D,'SNOC AG'!$D:$D))),ChangeLog[[#This Row],[Orig Row]])),""))} -> Silver | L16: =IFERROR(IF(INDEX('Consolidated Games'!$D:$D,MATCH(ChangeLog[[#This Row],[ROW_ID]],'Consolidated Games'!$T:$T,0))="","",INDEX('Consolidated Games'!$D:$D,MATCH(ChangeLog[[#This Row],[ROW_ID]],'Consolidated Games'!$T:$T,0))),"") -> DIVING | M16: =IFERROR(IF(INDEX('Consolidated Games'!$E:$E,MATCH(ChangeLog[[#This Row],[ROW_ID]],'Consolidated Games'!$T:$T,0))="","",INDEX('Consolidated Games'!$E:$E,MATCH(ChangeLog[[#This Row],[ROW_ID]],'Consolidated Games'!$T:$T,0))),"") -> DIVING | N16: {=IF(NOT(ISNUMBER(ChangeLog[[#This Row],[Clean Row]])),"",IFERROR(IF(INDEX('Consolidated Games'!$G:$G,ChangeLog[[#This Row],[Clean Row]])="","",INDEX('Consolidated Games'!$G:$G,ChangeLog[[#This Row],[Clean Row]])),""))} -> 10M PLATFORM | O16: =IFERROR(IF(INDEX('Consolidated Games'!$M:$M,MATCH(ChangeLog[[#This Row],[ROW_ID]],'Consolidated Games'!$T:$T,0))="","",INDEX('Consolidated Games'!$M:$M,MATCH(ChangeLog[[#This Row],[ROW_ID]],'Consolidated Games'!$T:$T,0))),"") -> SILVER | P16: {=IF(NOT(ISNUMBER(ChangeLog[[#This Row],[Clean Row]])),"",IFERROR(IF(INDEX('Consolidated Games'!$J:$J,ChangeLog[[#This Row],[Clean Row]])="","",INDEX('Consolidated Games'!$J:$J,ChangeLog[[#This Row],[Clean Row]])),""))} -> M GHANI BIN DESA | Q16: 210 | R16: =IFERROR(MATCH(T16,'Consolidated Games'!$T:$T,0),"—") -> 841 | S16: Accept | T16: 831
A17: 13 | B17: Modified | D17: SEA Games | E17: {=IF(NOT(ISNUMBER(ChangeLog[[#This Row],[Orig Row]])),"",IFERROR(INDEX(IF(ChangeLog[[#This Row],[Games]]="SEA Games",'SNOC SEAG'!$A:$A,IF(ChangeLog[[#This Row],[Games]]="Olympic Games",'SNOC OG'!$A:$A,IF(ChangeLog[[#This Row],[Games]]="Commonweatlh Games",'SNOC CW Games'!$A:$A,'SNOC AG'!$A:$A))),ChangeLog[[#This Row],[Orig Row]]),""))} -> Tay Chin Hong | F17: 1967 | G17: Sport | H17: Changed from Swimming to Diving as Sport | I17: {=IF(NOT(ISNUMBER(ChangeLog[[#This Row],[Orig Row]])),"",IFERROR(IF(INDEX(IF(ChangeLog[[#This Row],[Games]]="SEA Games",'SNOC SEAG'!$B:$B,IF(ChangeLog[[#This Row],[Games]]="Olympic Games",'SNOC OG'!$B:$B,IF(ChangeLog[[#This Row],[Games]]="Commonweatlh Games",'SNOC CW Games'!$B:$B,'SNOC AG'!$B:$B))),ChangeLog[[#This Row],[Orig Row]])="","",INDEX(IF(ChangeLog[[#This Row],[Games]]="SEA Games",'SNOC SEAG'!$B:$B,IF(ChangeLog[[#This Row],[Games]]="Olympic Games",'SNOC OG'!$B:$B,IF(ChangeLog[[#This Row],[Games]]="Commonweatlh Games",'SNOC CW Games'!$B:$B,'SNOC AG'!$B:$B))),ChangeLog[[#This Row],[Orig Row]])),""))} -> Swimming | J17: {=IF(NOT(ISNUMBER(ChangeLog[[#This Row],[Orig Row]])),"",IFERROR(IF(INDEX(IF(ChangeLog[[#This Row],[Games]]="SEA Games",'SNOC SEAG'!$C:$C,IF(ChangeLog[[#This Row],[Games]]="Olympic Games",'SNOC OG'!$C:$C,IF(ChangeLog[[#This Row],[Games]]="Commonweatlh Games",'SNOC CW Games'!$C:$C,'SNOC AG'!$C:$C))),ChangeLog[[#This Row],[Orig Row]])="","",INDEX(IF(ChangeLog[[#This Row],[Games]]="SEA Games",'SNOC SEAG'!$C:$C,IF(ChangeLog[[#This Row],[Games]]="Olympic Games",'SNOC OG'!$C:$C,IF(ChangeLog[[#This Row],[Games]]="Commonweatlh Games",'SNOC CW Games'!$C:$C,'SNOC AG'!$C:$C))),ChangeLog[[#This Row],[Orig Row]])),""))} -> High Diving | K17: {=IF(NOT(ISNUMBER(ChangeLog[[#This Row],[Orig Row]])),"",IFERROR(IF(INDEX(IF(ChangeLog[[#This Row],[Games]]="SEA Games",'SNOC SEAG'!$D:$D,IF(ChangeLog[[#This Row],[Games]]="Olympic Games",'SNOC OG'!$D:$D,IF(ChangeLog[[#This Row],[Games]]="Commonweatlh Games",'SNOC CW Games'!$D:$D,'SNOC AG'!$D:$D))),ChangeLog[[#This Row],[Orig Row]])="","",INDEX(IF(ChangeLog[[#This Row],[Games]]="SEA Games",'SNOC SEAG'!$D:$D,IF(ChangeLog[[#This Row],[Games]]="Olympic Games",'SNOC OG'!$D:$D,IF(ChangeLog[[#This Row],[Games]]="Commonweatlh Games",'SNOC CW Games'!$D:$D,'SNOC AG'!$D:$D))),ChangeLog[[#This Row],[Orig Row]])),""))} -> Silver | L17: =IFERROR(IF(INDEX('Consolidated Games'!$D:$D,MATCH(ChangeLog[[#This Row],[ROW_ID]],'Consolidated Games'!$T:$T,0))="","",INDEX('Consolidated Games'!$D:$D,MATCH(ChangeLog[[#This Row],[ROW_ID]],'Consolidated Games'!$T:$T,0))),"") -> DIVING | M17: =IFERROR(IF(INDEX('Consolidated Games'!$E:$E,MATCH(ChangeLog[[#This Row],[ROW_ID]],'Consolidated Games'!$T:$T,0))="","",INDEX('Consolidated Games'!$E:$E,MATCH(ChangeLog[[#This Row],[ROW_ID]],'Consolidated Games'!$T:$T,0))),"") -> DIVING | N17: {=IF(NOT(ISNUMBER(ChangeLog[[#This Row],[Clean Row]])),"",IFERROR(IF(INDEX('Consolidated Games'!$G:$G,ChangeLog[[#This Row],[Clean Row]])="","",INDEX('Consolidated Games'!$G:$G,ChangeLog[[#This Row],[Clean Row]])),""))} -> 10M PLATFORM | O17: =IFERROR(IF(INDEX('Consolidated Games'!$M:$M,MATCH(ChangeLog[[#This Row],[ROW_ID]],'Consolidated Games'!$T:$T,0))="","",INDEX('Consolidated Games'!$M:$M,MATCH(ChangeLog[[#This Row],[ROW_ID]],'Consolidated Games'!$T:$T,0))),"") -> SILVER | P17: {=IF(NOT(ISNUMBER(ChangeLog[[#This Row],[Clean Row]])),"",IFERROR(IF(INDEX('Consolidated Games'!$J:$J,ChangeLog[[#This Row],[Clean Row]])="","",INDEX('Consolidated Games'!$J:$J,ChangeLog[[#This Row],[Clean Row]])),""))} -> TAY CHIN HONG | Q17: 212 | R17: =IFERROR(MATCH(T17,'Consolidated Games'!$T:$T,0),"—") -> 842 | S17: Accept | T17: 832
A18: 14 | B18: Modified | D18: SEA Games | E18: {=IF(NOT(ISNUMBER(ChangeLog[[#This Row],[Orig Row]])),"",IFERROR(INDEX(IF(ChangeLog[[#This Row],[Games]]="SEA Games",'SNOC SEAG'!$A:$A,IF(ChangeLog[[#This Row],[Games]]="Olympic Games",'SNOC OG'!$A:$A,IF(ChangeLog[[#This Row],[Games]]="Commonweatlh Games",'SNOC CW Games'!$A:$A,'SNOC AG'!$A:$A))),ChangeLog[[#This Row],[Orig Row]]),""))} -> Tay Chin Hong | F18: 1967 | G18: Sport | H18: Changed from Swimming to Diving as Sport | I18: {=IF(NOT(ISNUMBER(ChangeLog[[#This Row],[Orig Row]])),"",IFERROR(IF(INDEX(IF(ChangeLog[[#This Row],[Games]]="SEA Games",'SNOC SEAG'!$B:$B,IF(ChangeLog[[#This Row],[Games]]="Olympic Games",'SNOC OG'!$B:$B,IF(ChangeLog[[#This Row],[Games]]="Commonweatlh Games",'SNOC CW Games'!$B:$B,'SNOC AG'!$B:$B))),ChangeLog[[#This Row],[Orig Row]])="","",INDEX(IF(ChangeLog[[#This Row],[Games]]="SEA Games",'SNOC SEAG'!$B:$B,IF(ChangeLog[[#This Row],[Games]]="Olympic Games",'SNOC OG'!$B:$B,IF(ChangeLog[[#This Row],[Games]]="Commonweatlh Games",'SNOC CW Games'!$B:$B,'SNOC AG'!$B:$B))),ChangeLog[[#This Row],[Orig Row]])),""))} -> Swimming | J18: {=IF(NOT(ISNUMBER(ChangeLog[[#This Row],[Orig Row]])),"",IFERROR(IF(INDEX(IF(ChangeLog[[#This Row],[Games]]="SEA Games",'SNOC SEAG'!$C:$C,IF(ChangeLog[[#This Row],[Games]]="Olympic Games",'SNOC OG'!$C:$C,IF(ChangeLog[[#This Row],[Games]]="Commonweatlh Games",'SNOC CW Games'!$C:$C,'SNOC AG'!$C:$C))),ChangeLog[[#This Row],[Orig Row]])="","",INDEX(IF(ChangeLog[[#This Row],[Games]]="SEA Games",'SNOC SEAG'!$C:$C,IF(ChangeLog[[#This Row],[Games]]="Olympic Games",'SNOC OG'!$C:$C,IF(ChangeLog[[#This Row],[Games]]="Commonweatlh Games",'SNOC CW Games'!$C:$C,'SNOC AG'!$C:$C))),ChangeLog[[#This Row],[Orig Row]])),""))} -> Springboard Diving | K18: {=IF(NOT(ISNUMBER(ChangeLog[[#This Row],[Orig Row]])),"",IFERROR(IF(INDEX(IF(ChangeLog[[#This Row],[Games]]="SEA Games",'SNOC SEAG'!$D:$D,IF(ChangeLog[[#This Row],[Games]]="Olympic Games",'SNOC OG'!$D:$D,IF(ChangeLog[[#This Row],[Games]]="Commonweatlh Games",'SNOC CW Games'!$D:$D,'SNOC AG'!$D:$D))),ChangeLog[[#This Row],[Orig Row]])="","",INDEX(IF(ChangeLog[[#This Row],[Games]]="SEA Games",'SNOC SEAG'!$D:$D,IF(ChangeLog[[#This Row],[Games]]="Olympic Games",'SNOC OG'!$D:$D,IF(ChangeLog[[#This Row],[Games]]="Commonweatlh Games",'SNOC CW Games'!$D:$D,'SNOC AG'!$D:$D))),ChangeLog[[#This Row],[Orig Row]])),""))} -> Silver | L18: =IFERROR(IF(INDEX('Consolidated Games'!$D:$D,MATCH(ChangeLog[[#This Row],[ROW_ID]],'Consolidated Games'!$T:$T,0))="","",INDEX('Consolidated Games'!$D:$D,MATCH(ChangeLog[[#This Row],[ROW_ID]],'Consolidated Games'!$T:$T,0))),"") -> DIVING | M18: =IFERROR(IF(INDEX('Consolidated Games'!$E:$E,MATCH(ChangeLog[[#This Row],[ROW_ID]],'Consolidated Games'!$T:$T,0))="","",INDEX('Consolidated Games'!$E:$E,MATCH(ChangeLog[[#This Row],[ROW_ID]],'Consolidated Games'!$T:$T,0))),"") -> DIVING | N18: {=IF(NOT(ISNUMBER(ChangeLog[[#This Row],[Clean Row]])),"",IFERROR(IF(INDEX('Consolidated Games'!$G:$G,ChangeLog[[#This Row],[Clean Row]])="","",INDEX('Consolidated Games'!$G:$G,ChangeLog[[#This Row],[Clean Row]])),""))} -> 3M SPRINGBOARD | O18: =IFERROR(IF(INDEX('Consolidated Games'!$M:$M,MATCH(ChangeLog[[#This Row],[ROW_ID]],'Consolidated Games'!$T:$T,0))="","",INDEX('Consolidated Games'!$M:$M,MATCH(ChangeLog[[#This Row],[ROW_ID]],'Consolidated Games'!$T:$T,0))),"") -> SILVER | P18: {=IF(NOT(ISNUMBER(ChangeLog[[#This Row],[Clean Row]])),"",IFERROR(IF(INDEX('Consolidated Games'!$J:$J,ChangeLog[[#This Row],[Clean Row]])="","",INDEX('Consolidated Games'!$J:$J,ChangeLog[[#This Row],[Clean Row]])),""))} -> TAY CHIN HONG | Q18: 213 | R18: =IFERROR(MATCH(T18,'Consolidated Games'!$T:$T,0),"—") -> 843 | S18: Accept | T18: 833
A19: 15 | B19: Modified | D19: SEA Games | E19: {=IF(NOT(ISNUMBER(ChangeLog[[#This Row],[Orig Row]])),"",IFERROR(INDEX(IF(ChangeLog[[#This Row],[Games]]="SEA Games",'SNOC SEAG'!$A:$A,IF(ChangeLog[[#This Row],[Games]]="Olympic Games",'SNOC OG'!$A:$A,IF(ChangeLog[[#This Row],[Games]]="Commonweatlh Games",'SNOC CW Games'!$A:$A,'SNOC AG'!$A:$A))),ChangeLog[[#This Row],[Orig Row]]),""))} -> Lim Ting Kiang _x000D_ Teo Oon Tat_x000D_ Thio Gim Hock _x000D_ Tay Lee Soon_x000D_ Kenneth Kee Sua Sai_x000D_ Bernard Chan _x000D_ Wieber J Wolters_x000D_ Khoo Kay Tuan_x000D_ A Khoo Kah Hock _x000D_ Winston Tay B T | F19: 1967 | G19: Sport | H19: Changed to Water Polo as Sport to align with downstream names | I19: {=IF(NOT(ISNUMBER(ChangeLog[[#This Row],[Orig Row]])),"",IFERROR(IF(INDEX(IF(ChangeLog[[#This Row],[Games]]="SEA Games",'SNOC SEAG'!$B:$B,IF(ChangeLog[[#This Row],[Games]]="Olympic Games",'SNOC OG'!$B:$B,IF(ChangeLog[[#This Row],[Games]]="Commonweatlh Games",'SNOC CW Games'!$B:$B,'SNOC AG'!$B:$B))),ChangeLog[[#This Row],[Orig Row]])="","",INDEX(IF(ChangeLog[[#This Row],[Games]]="SEA Games",'SNOC SEAG'!$B:$B,IF(ChangeLog[[#This Row],[Games]]="Olympic Games",'SNOC OG'!$B:$B,IF(ChangeLog[[#This Row],[Games]]="Commonweatlh Games",'SNOC CW Games'!$B:$B,'SNOC AG'!$B:$B))),ChangeLog[[#This Row],[Orig Row]])),""))} -> Waterpolo | J19: {=IF(NOT(ISNUMBER(ChangeLog[[#This Row],[Orig Row]])),"",IFERROR(IF(INDEX(IF(ChangeLog[[#This Row],[Games]]="SEA Games",'SNOC SEAG'!$C:$C,IF(ChangeLog[[#This Row],[Games]]="Olympic Games",'SNOC OG'!$C:$C,IF(ChangeLog[[#This Row],[Games]]="Commonweatlh Games",'SNOC CW Games'!$C:$C,'SNOC AG'!$C:$C))),ChangeLog[[#This Row],[Orig Row]])="","",INDEX(IF(ChangeLog[[#This Row],[Games]]="SEA Games",'SNOC SEAG'!$C:$C,IF(ChangeLog[[#This Row],[Games]]="Olympic Games",'SNOC OG'!$C:$C,IF(ChangeLog[[#This Row],[Games]]="Commonweatlh Games",'SNOC CW Games'!$C:$C,'SNOC AG'!$C:$C))),ChangeLog[[#This Row],[Orig Row]])),""))} | K19: {=IF(NOT(ISNUMBER(ChangeLog[[#This Row],[Orig Row]])),"",IFERROR(IF(INDEX(IF(ChangeLog[[#This Row],[Games]]="SEA Games",'SNOC SEAG'!$D:$D,IF(ChangeLog[[#This Row],[Games]]="Olympic Games",'SNOC OG'!$D:$D,IF(ChangeLog[[#This Row],[Games]]="Commonweatlh Games",'SNOC CW Games'!$D:$D,'SNOC AG'!$D:$D))),ChangeLog[[#This Row],[Orig Row]])="","",INDEX(IF(ChangeLog[[#This Row],[Games]]="SEA Games",'SNOC SEAG'!$D:$D,IF(ChangeLog[[#This Row],[Games]]="Olympic Games",'SNOC OG'!$D:$D,IF(ChangeLog[[#This Row],[Games]]="Commonweatlh Games",'SNOC CW Games'!$D:$D,'SNOC AG'!$D:$D))),ChangeLog[[#This Row],[Orig Row]])),""))} -> Gold | L19: =IFERROR(IF(INDEX('Consolidated Games'!$D:$D,MATCH(ChangeLog[[#This Row],[ROW_ID]],'Consolidated Games'!$T:$T,0))="","",INDEX('Consolidated Games'!$D:$D,MATCH(ChangeLog[[#This Row],[ROW_ID]],'Consolidated Games'!$T:$T,0))),"") -> WATER POLO | M19: =IFERROR(IF(INDEX('Consolidated Games'!$E:$E,MATCH(ChangeLog[[#This Row],[ROW_ID]],'Consolidated Games'!$T:$T,0))="","",INDEX('Consolidated Games'!$E:$E,MATCH(ChangeLog[[#This Row],[ROW_ID]],'Consolidated Games'!$T:$T,0))),"") -> WATER POLO | N19: {=IF(NOT(ISNUMBER(ChangeLog[[#This Row],[Clean Row]])),"",IFERROR(IF(INDEX('Consolidated Games'!$G:$G,ChangeLog[[#This Row],[Clean Row]])="","",INDEX('Consolidated Games'!$G:$G,ChangeLog[[#This Row],[Clean Row]])),""))} -> TEAM | O19: =IFERROR(IF(INDEX('Consolidated Games'!$M:$M,MATCH(ChangeLog[[#This Row],[ROW_ID]],'Consolidated Games'!$T:$T,0))="","",INDEX('Consolidated Games'!$M:$M,MATCH(ChangeLog[[#This Row],[ROW_ID]],'Consolidated Games'!$T:$T,0))),"") -> GOLD | P19: {=IF(NOT(ISNUMBER(ChangeLog[[#This Row],[Clean Row]])),"",IFERROR(IF(INDEX('Consolidated Games'!$J:$J,ChangeLog[[#This Row],[Clean Row]])="","",INDEX('Consolidated Games'!$J:$J,ChangeLog[[#This Row],[Clean Row]])),""))} -> LIM TING KIANG _x000D_ TEO OON TAT_x000D_ THIO GIM HOCK _x000D_ TAY LEE SOON_x000D_ KENNETH KEE SUA SAI_x000D_ BERNARD CHAN _x000D_ WIEBER J WOLTERS_x000D_ KHOO KAY TUAN_x000D_ A KHOO KAH HOCK _x000D_ WINSTON TAY B T | Q19: 223 | R19: =IFERROR(MATCH(T19,'Consolidated Games'!$T:$T,0),"—") -> 844 | S19: Accept | T19: 834
A20: 16 | B20: Modified | C20: Y | D20: SEA Games | E20: {=IF(NOT(ISNUMBER(ChangeLog[[#This Row],[Orig Row]])),"",IFERROR(INDEX(IF(ChangeLog[[#This Row],[Games]]="SEA Games",'SNOC SEAG'!$A:$A,IF(ChangeLog[[#This Row],[Games]]="Olympic Games",'SNOC OG'!$A:$A,IF(ChangeLog[[#This Row],[Games]]="Commonweatlh Games",'SNOC CW Games'!$A:$A,'SNOC AG'!$A:$A))),ChangeLog[[#This Row],[Orig Row]]),""))} -> Chua Peng Kim | F20: 1967 | G20: Sport | H20: Chua Peng Kim won in weightlifting, not table tennis | I20: {=IF(NOT(ISNUMBER(ChangeLog[[#This Row],[Orig Row]])),"",IFERROR(IF(INDEX(IF(ChangeLog[[#This Row],[Games]]="SEA Games",'SNOC SEAG'!$B:$B,IF(ChangeLog[[#This Row],[Games]]="Olympic Games",'SNOC OG'!$B:$B,IF(ChangeLog[[#This Row],[Games]]="Commonweatlh Games",'SNOC CW Games'!$B:$B,'SNOC AG'!$B:$B))),ChangeLog[[#This Row],[Orig Row]])="","",INDEX(IF(ChangeLog[[#This Row],[Games]]="SEA Games",'SNOC SEAG'!$B:$B,IF(ChangeLog[[#This Row],[Games]]="Olympic Games",'SNOC OG'!$B:$B,IF(ChangeLog[[#This Row],[Games]]="Commonweatlh Games",'SNOC CW Games'!$B:$B,'SNOC AG'!$B:$B))),ChangeLog[[#This Row],[Orig Row]])),""))} -> Table Tennis | J20: {=IF(NOT(ISNUMBER(ChangeLog[[#This Row],[Orig Row]])),"",IFERROR(IF(INDEX(IF(ChangeLog[[#This Row],[Games]]="SEA Games",'SNOC SEAG'!$C:$C,IF(ChangeLog[[#This Row],[Games]]="Olympic Games",'SNOC OG'!$C:$C,IF(ChangeLog[[#This Row],[Games]]="Commonweatlh Games",'SNOC CW Games'!$C:$C,'SNOC AG'!$C:$C))),ChangeLog[[#This Row],[Orig Row]])="","",INDEX(IF(ChangeLog[[#This Row],[Games]]="SEA Games",'SNOC SEAG'!$C:$C,IF(ChangeLog[[#This Row],[Games]]="Olympic Games",'SNOC OG'!$C:$C,IF(ChangeLog[[#This Row],[Games]]="Commonweatlh Games",'SNOC CW Games'!$C:$C,'SNOC AG'!$C:$C))),ChangeLog[[#This Row],[Orig Row]])),""))} -> Featherweight | K20: {=IF(NOT(ISNUMBER(ChangeLog[[#This Row],[Orig Row]])),"",IFERROR(IF(INDEX(IF(ChangeLog[[#This Row],[Games]]="SEA Games",'SNOC SEAG'!$D:$D,IF(ChangeLog[[#This Row],[Games]]="Olympic Games",'SNOC OG'!$D:$D,IF(ChangeLog[[#This Row],[Games]]="Commonweatlh Games",'SNOC CW Games'!$D:$D,'SNOC AG'!$D:$D))),ChangeLog[[#This Row],[Orig Row]])="","",INDEX(IF(ChangeLog[[#This Row],[Games]]="SEA Games",'SNOC SEAG'!$D:$D,IF(ChangeLog[[#This Row],[Games]]="Olympic Games",'SNOC OG'!$D:$D,IF(ChangeLog[[#This Row],[Games]]="Commonweatlh Games",'SNOC CW Games'!$D:$D,'SNOC AG'!$D:$D))),ChangeLog[[#This Row],[Orig Row]])),""))} -> Gold | L20: =IFERROR(IF(INDEX('Consolidated Games'!$D:$D,MATCH(ChangeLog[[#This Row],[ROW_ID]],'Consolidated Games'!$T:$T,0))="","",INDEX('Consolidated Games'!$D:$D,MATCH(ChangeLog[[#This Row],[ROW_ID]],'Consolidated Games'!$T:$T,0))),"") -> WEIGHTLIFTING | M20: =IFERROR(IF(INDEX('Consolidated Games'!$E:$E,MATCH(ChangeLog[[#This Row],[ROW_ID]],'Consolidated Games'!$T:$T,0))="","",INDEX('Consolidated Games'!$E:$E,MATCH(ChangeLog[[#This Row],[ROW_ID]],'Consolidated Games'!$T:$T,0))),"") -> WEIGHTLIFTING | N20: {=IF(NOT(ISNUMBER(ChangeLog[[#This Row],[Clean Row]])),"",IFERROR(IF(INDEX('Consolidated Games'!$G:$G,ChangeLog[[#This Row],[Clean Row]])="","",INDEX('Consolidated Games'!$G:$G,ChangeLog[[#This Row],[Clean Row]])),""))} -> FEATHERWEIGHT | O20: =IFERROR(IF(INDEX('Consolidated Games'!$M:$M,MATCH(ChangeLog[[#This Row],[ROW_ID]],'Consolidated Games'!$T:$T,0))="","",INDEX('Consolidated Games'!$M:$M,MATCH(ChangeLog[[#This Row],[ROW_ID]],'Consolidated Games'!$T:$T,0))),"") -> GOLD | P20: {=IF(NOT(ISNUMBER(ChangeLog[[#This Row],[Clean Row]])),"",IFERROR(IF(INDEX('Consolidated Games'!$J:$J,ChangeLog[[#This Row],[Clean Row]])="","",INDEX('Consolidated Games'!$J:$J,ChangeLog[[#This Row],[Clean Row]])),""))} -> CHUA PENG KIM | Q20: 218 | R20: =IFERROR(MATCH(T20,'Consolidated Games'!$T:$T,0),"—") -> 918 | S20: Accept | T20: 910
A21: 17 | B21: Modified | C21: Y | D21: SEA Games | E21: {=IF(NOT(ISNUMBER(ChangeLog[[#This Row],[Orig Row]])),"",IFERROR(INDEX(IF(ChangeLog[[#This Row],[Games]]="SEA Games",'SNOC SEAG'!$A:$A,IF(ChangeLog[[#This Row],[Games]]="Olympic Games",'SNOC OG'!$A:$A,IF(ChangeLog[[#This Row],[Games]]="Commonweatlh Games",'SNOC CW Games'!$A:$A,'SNOC AG'!$A:$A))),ChangeLog[[#This Row],[Orig Row]]),""))} -> Tung Chye Hong | F21: 1967 | G21: Sport | H21: Tung Chye Hong won in weightlifting, not table tennis | I21: {=IF(NOT(ISNUMBER(ChangeLog[[#This Row],[Orig Row]])),"",IFERROR(IF(INDEX(IF(ChangeLog[[#This Row],[Games]]="SEA Games",'SNOC SEAG'!$B:$B,IF(ChangeLog[[#This Row],[Games]]="Olympic Games",'SNOC OG'!$B:$B,IF(ChangeLog[[#This Row],[Games]]="Commonweatlh Games",'SNOC CW Games'!$B:$B,'SNOC AG'!$B:$B))),ChangeLog[[#This Row],[Orig Row]])="","",INDEX(IF(ChangeLog[[#This Row],[Games]]="SEA Games",'SNOC SEAG'!$B:$B,IF(ChangeLog[[#This Row],[Games]]="Olympic Games",'SNOC OG'!$B:$B,IF(ChangeLog[[#This Row],[Games]]="Commonweatlh Games",'SNOC CW Games'!$B:$B,'SNOC AG'!$B:$B))),ChangeLog[[#This Row],[Orig Row]])),""))} -> Table Tennis | J21: {=IF(NOT(ISNUMBER(ChangeLog[[#This Row],[Orig Row]])),"",IFERROR(IF(INDEX(IF(ChangeLog[[#This Row],[Games]]="SEA Games",'SNOC SEAG'!$C:$C,IF(ChangeLog[[#This Row],[Games]]="Olympic Games",'SNOC OG'!$C:$C,IF(ChangeLog[[#This Row],[Games]]="Commonweatlh Games",'SNOC CW Games'!$C:$C,'SNOC AG'!$C:$C))),ChangeLog[[#This Row],[Orig Row]])="","",INDEX(IF(ChangeLog[[#This Row],[Games]]="SEA Games",'SNOC SEAG'!$C:$C,IF(ChangeLog[[#This Row],[Games]]="Olympic Games",'SNOC OG'!$C:$C,IF(ChangeLog[[#This Row],[Games]]="Commonweatlh Games",'SNOC CW Games'!$C:$C,'SNOC AG'!$C:$C))),ChangeLog[[#This Row],[Orig Row]])),""))} -> Bantam Weight | K21: {=IF(NOT(ISNUMBER(ChangeLog[[#This Row],[Orig Row]])),"",IFERROR(IF(INDEX(IF(ChangeLog[[#This Row],[Games]]="SEA Games",'SNOC SEAG'!$D:$D,IF(ChangeLog[[#This Row],[Games]]="Olympic Games",'SNOC OG'!$D:$D,IF(ChangeLog[[#This Row],[Games]]="Commonweatlh Games",'SNOC CW Games'!$D:$D,'SNOC AG'!$D:$D))),ChangeLog[[#This Row],[Orig Row]])="","",INDEX(IF(ChangeLog[[#This Row],[Games]]="SEA Games",'SNOC SEAG'!$D:$D,IF(ChangeLog[[#This Row],[Games]]="Olympic Games",'SNOC OG'!$D:$D,IF(ChangeLog[[#This Row],[Games]]="Commonweatlh Games",'SNOC CW Games'!$D:$D,'SNOC AG'!$D:$D))),ChangeLog[[#This Row],[Orig Row]])),""))} -> Gold | L21: =IFERROR(IF(INDEX('Consolidated Games'!$D:$D,MATCH(ChangeLog[[#This Row],[ROW_ID]],'Consolidated Games'!$T:$T,0))="","",INDEX('Consolidated Games'!$D:$D,MATCH(ChangeLog[[#This Row],[ROW_ID]],'Consolidated Games'!$T:$T,0))),"") -> WEIGHTLIFTING | M21: =IFERROR(IF(INDEX('Consolidated Games'!$E:$E,MATCH(ChangeLog[[#This Row],[ROW_ID]],'Consolidated Games'!$T:$T,0))="","",INDEX('Consolidated Games'!$E:$E,MATCH(ChangeLog[[#This Row],[ROW_ID]],'Consolidated Games'!$T:$T,0))),"") -> WEIGHTLIFTING | N21: {=IF(NOT(ISNUMBER(ChangeLog[[#This Row],[Clean Row]])),"",IFERROR(IF(INDEX('Consolidated Games'!$G:$G,ChangeLog[[#This Row],[Clean Row]])="","",INDEX('Consolidated Games'!$G:$G,ChangeLog[[#This Row],[Clean Row]])),""))} -> BANTAMWEIGHT | O21: =IFERROR(IF(INDEX('Consolidated Games'!$M:$M,MATCH(ChangeLog[[#This Row],[ROW_ID]],'Consolidated Games'!$T:$T,0))="","",INDEX('Consolidated Games'!$M:$M,MATCH(ChangeLog[[#This Row],[ROW_ID]],'Consolidated Games'!$T:$T,0))),"") -> GOLD | P21: {=IF(NOT(ISNUMBER(ChangeLog[[#This Row],[Clean Row]])),"",IFERROR(IF(INDEX('Consolidated Games'!$J:$J,ChangeLog[[#This Row],[Clean Row]])="","",INDEX('Consolidated Games'!$J:$J,ChangeLog[[#This Row],[Clean Row]])),""))} -> TUNG CHYE HONG | Q21: 221 | R21: =IFERROR(MATCH(T21,'Consolidated Games'!$T:$T,0),"—") -> 919 | S21: Accept | T21: 911
A22: 18 | B22: Modified | C22: Y | D22: SEA Games | E22: {=IF(NOT(ISNUMBER(ChangeLog[[#This Row],[Orig Row]])),"",IFERROR(INDEX(IF(ChangeLog[[#This Row],[Games]]="SEA Games",'SNOC SEAG'!$A:$A,IF(ChangeLog[[#This Row],[Games]]="Olympic Games",'SNOC OG'!$A:$A,IF(ChangeLog[[#This Row],[Games]]="Commonweatlh Games",'SNOC CW Games'!$A:$A,'SNOC AG'!$A:$A))),ChangeLog[[#This Row],[Orig Row]]),""))} -> Singapore | F22: 1967 | G22: Event | H22: Added gender to Team event https://eresources.nlb.gov.sg/newspapers/digitised/article/straitstimes19671214-1.2.161.4 | I22: {=IF(NOT(ISNUMBER(ChangeLog[[#This Row],[Orig Row]])),"",IFERROR(IF(INDEX(IF(ChangeLog[[#This Row],[Games]]="SEA Games",'SNOC SEAG'!$B:$B,IF(ChangeLog[[#This Row],[Games]]="Olympic Games",'SNOC OG'!$B:$B,IF(ChangeLog[[#This Row],[Games]]="Commonweatlh Games",'SNOC CW Games'!$B:$B,'SNOC AG'!$B:$B))),ChangeLog[[#This Row],[Orig Row]])="","",INDEX(IF(ChangeLog[[#This Row],[Games]]="SEA Games",'SNOC SEAG'!$B:$B,IF(ChangeLog[[#This Row],[Games]]="Olympic Games",'SNOC OG'!$B:$B,IF(ChangeLog[[#This Row],[Games]]="Commonweatlh Games",'SNOC CW Games'!$B:$B,'SNOC AG'!$B:$B))),ChangeLog[[#This Row],[Orig Row]])),""))} -> Table Tennis | J22: {=IF(NOT(ISNUMBER(ChangeLog[[#This Row],[Orig Row]])),"",IFERROR(IF(INDEX(IF(ChangeLog[[#This Row],[Games]]="SEA Games",'SNOC SEAG'!$C:$C,IF(ChangeLog[[#This Row],[Games]]="Olympic Games",'SNOC OG'!$C:$C,IF(ChangeLog[[#This Row],[Games]]="Commonweatlh Games",'SNOC CW Games'!$C:$C,'SNOC AG'!$C:$C))),ChangeLog[[#This Row],[Orig Row]])="","",INDEX(IF(ChangeLog[[#This Row],[Games]]="SEA Games",'SNOC SEAG'!$C:$C,IF(ChangeLog[[#This Row],[Games]]="Olympic Games",'SNOC OG'!$C:$C,IF(ChangeLog[[#This Row],[Games]]="Commonweatlh Games",'SNOC CW Games'!$C:$C,'SNOC AG'!$C:$C))),ChangeLog[[#This Row],[Orig Row]])),""))} -> Team Event | K22: {=IF(NOT(ISNUMBER(ChangeLog[[#This Row],[Orig Row]])),"",IFERROR(IF(INDEX(IF(ChangeLog[[#This Row],[Games]]="SEA Games",'SNOC SEAG'!$D:$D,IF(ChangeLog[[#This Row],[Games]]="Olympic Games",'SNOC OG'!$D:$D,IF(ChangeLog[[#This Row],[Games]]="Commonweatlh Games",'SNOC CW Games'!$D:$D,'SNOC AG'!$D:$D))),ChangeLog[[#This Row],[Orig Row]])="","",INDEX(IF(ChangeLog[[#This Row],[Games]]="SEA Games",'SNOC SEAG'!$D:$D,IF(ChangeLog[[#This Row],[Games]]="Olympic Games",'SNOC OG'!$D:$D,IF(ChangeLog[[#This Row],[Games]]="Commonweatlh Games",'SNOC CW Games'!$D:$D,'SNOC AG'!$D:$D))),ChangeLog[[#This Row],[Orig Row]])),""))} -> Gold | L22: =IFERROR(IF(INDEX('Consolidated Games'!$D:$D,MATCH(ChangeLog[[#This Row],[ROW_ID]],'Consolidated Games'!$T:$T,0))="","",INDEX('Consolidated Games'!$D:$D,MATCH(ChangeLog[[#This Row],[ROW_ID]],'Consolidated Games'!$T:$T,0))),"") -> TABLE TENNIS | M22: =IFERROR(IF(INDEX('Consolidated Games'!$E:$E,MATCH(ChangeLog[[#This Row],[ROW_ID]],'Consolidated Games'!$T:$T,0))="","",INDEX('Consolidated Games'!$E:$E,MATCH(ChangeLog[[#This Row],[ROW_ID]],'Consolidated Games'!$T:$T,0))),"") -> TABLE TENNIS | N22: {=IF(NOT(ISNUMBER(ChangeLog[[#This Row],[Clean Row]])),"",IFERROR(IF(INDEX('Consolidated Games'!$G:$G,ChangeLog[[#This Row],[Clean Row]])="","",INDEX('Consolidated Games'!$G:$G,ChangeLog[[#This Row],[Clean Row]])),""))} -> TEAM | O22: =IFERROR(IF(INDEX('Consolidated Games'!$M:$M,MATCH(ChangeLog[[#This Row],[ROW_ID]],'Consolidated Games'!$T:$T,0))="","",INDEX('Consolidated Games'!$M:$M,MATCH(ChangeLog[[#This Row],[ROW_ID]],'Consolidated Games'!$T:$T,0))),"") -> GOLD | P22: {=IF(NOT(ISNUMBER(ChangeLog[[#This Row],[Clean Row]])),"",IFERROR(IF(INDEX('Consolidated Games'!$J:$J,ChangeLog[[#This Row],[Clean Row]])="","",INDEX('Consolidated Games'!$J:$J,ChangeLog[[#This Row],[Clean Row]])),""))} -> SINGAPORE | Q22: 220 | R22: =IFERROR(MATCH(T22,'Consolidated Games'!$T:$T,0),"—") -> 913 | S22: Accept | T22: 905
A23: 19 | B23: Modified | D23: SEA Games | E23: {=IF(NOT(ISNUMBER(ChangeLog[[#This Row],[Orig Row]])),"",IFERROR(INDEX(IF(ChangeLog[[#This Row],[Games]]="SEA Games",'SNOC SEAG'!$A:$A,IF(ChangeLog[[#This Row],[Games]]="Olympic Games",'SNOC OG'!$A:$A,IF(ChangeLog[[#This Row],[Games]]="Commonweatlh Games",'SNOC CW Games'!$A:$A,'SNOC AG'!$A:$A))),ChangeLog[[#This Row],[Orig Row]]),""))} -> Singapore | F23: 1969 | G23: Sport | H23: Changed to Water Polo as Sport to align with downstream names | I23: {=IF(NOT(ISNUMBER(ChangeLog[[#This Row],[Orig Row]])),"",IFERROR(IF(INDEX(IF(ChangeLog[[#This Row],[Games]]="SEA Games",'SNOC SEAG'!$B:$B,IF(ChangeLog[[#This Row],[Games]]="Olympic Games",'SNOC OG'!$B:$B,IF(ChangeLog[[#This Row],[Games]]="Commonweatlh Games",'SNOC CW Games'!$B:$B,'SNOC AG'!$B:$B))),ChangeLog[[#This Row],[Orig Row]])="","",INDEX(IF(ChangeLog[[#This Row],[Games]]="SEA Games",'SNOC SEAG'!$B:$B,IF(ChangeLog[[#This Row],[Games]]="Olympic Games",'SNOC OG'!$B:$B,IF(ChangeLog[[#This Row],[Games]]="Commonweatlh Games",'SNOC CW Games'!$B:$B,'SNOC AG'!$B:$B))),ChangeLog[[#This Row],[Orig Row]])),""))} -> Swimming | J23: {=IF(NOT(ISNUMBER(ChangeLog[[#This Row],[Orig Row]])),"",IFERROR(IF(INDEX(IF(ChangeLog[[#This Row],[Games]]="SEA Games",'SNOC SEAG'!$C:$C,IF(ChangeLog[[#This Row],[Games]]="Olympic Games",'SNOC OG'!$C:$C,IF(ChangeLog[[#This Row],[Games]]="Commonweatlh Games",'SNOC CW Games'!$C:$C,'SNOC AG'!$C:$C))),ChangeLog[[#This Row],[Orig Row]])="","",INDEX(IF(ChangeLog[[#This Row],[Games]]="SEA Games",'SNOC SEAG'!$C:$C,IF(ChangeLog[[#This Row],[Games]]="Olympic Games",'SNOC OG'!$C:$C,IF(ChangeLog[[#This Row],[Games]]="Commonweatlh Games",'SNOC CW Games'!$C:$C,'SNOC AG'!$C:$C))),ChangeLog[[#This Row],[Orig Row]])),""))} -> Waterpolo | K23: {=IF(NOT(ISNUMBER(ChangeLog[[#This Row],[Orig Row]])),"",IFERROR(IF(INDEX(IF(ChangeLog[[#This Row],[Games]]="SEA Games",'SNOC SEAG'!$D:$D,IF(ChangeLog[[#This Row],[Games]]="Olympic Games",'SNOC OG'!$D:$D,IF(ChangeLog[[#This Row],[Games]]="Commonweatlh Games",'SNOC CW Games'!$D:$D,'SNOC AG'!$D:$D))),ChangeLog[[#This Row],[Orig Row]])="","",INDEX(IF(ChangeLog[[#This Row],[Games]]="SEA Games",'SNOC SEAG'!$D:$D,IF(ChangeLog[[#This Row],[Games]]="Olympic Games",'SNOC OG'!$D:$D,IF(ChangeLog[[#This Row],[Games]]="Commonweatlh Games",'SNOC CW Games'!$D:$D,'SNOC AG'!$D:$D))),ChangeLog[[#This Row],[Orig Row]])),""))} -> Gold | L23: =IFERROR(IF(INDEX('Consolidated Games'!$D:$D,MATCH(ChangeLog[[#This Row],[ROW_ID]],'Consolidated Games'!$T:$T,0))="","",INDEX('Consolidated Games'!$D:$D,MATCH(ChangeLog[[#This Row],[ROW_ID]],'Consolidated Games'!$T:$T,0))),"") -> WATER POLO | M23: =IFERROR(IF(INDEX('Consolidated Games'!$E:$E,MATCH(ChangeLog[[#This Row],[ROW_ID]],'Consolidated Games'!$T:$T,0))="","",INDEX('Consolidated Games'!$E:$E,MATCH(ChangeLog[[#This Row],[ROW_ID]],'Consolidated Games'!$T:$T,0))),"") -> WATER POLO | N23: {=IF(NOT(ISNUMBER(ChangeLog[[#This Row],[Clean Row]])),"",IFERROR(IF(INDEX('Consolidated Games'!$G:$G,ChangeLog[[#This Row],[Clean Row]])="","",INDEX('Consolidated Games'!$G:$G,ChangeLog[[#This Row],[Clean Row]])),""))} -> TEAM | O23: =IFERROR(IF(INDEX('Consolidated Games'!$M:$M,MATCH(ChangeLog[[#This Row],[ROW_ID]],'Consolidated Games'!$T:$T,0))="","",INDEX('Consolidated Games'!$M:$M,MATCH(ChangeLog[[#This Row],[ROW_ID]],'Consolidated Games'!$T:$T,0))),"") -> GOLD | P23: {=IF(NOT(ISNUMBER(ChangeLog[[#This Row],[Clean Row]])),"",IFERROR(IF(INDEX('Consolidated Games'!$J:$J,ChangeLog[[#This Row],[Clean Row]])="","",INDEX('Consolidated Games'!$J:$J,ChangeLog[[#This Row],[Clean Row]])),""))} -> SINGAPORE | Q23: 288 | R23: =IFERROR(MATCH(T23,'Consolidated Games'!$T:$T,0),"—") -> 924 | S23: Accept | T23: 916
A24: 20 | B24: Modified | D24: SEA Games | E24: {=IF(NOT(ISNUMBER(ChangeLog[[#This Row],[Orig Row]])),"",IFERROR(INDEX(IF(ChangeLog[[#This Row],[Games]]="SEA Games",'SNOC SEAG'!$A:$A,IF(ChangeLog[[#This Row],[Games]]="Olympic Games",'SNOC OG'!$A:$A,IF(ChangeLog[[#This Row],[Games]]="Commonweatlh Games",'SNOC CW Games'!$A:$A,'SNOC AG'!$A:$A))),ChangeLog[[#This Row],[Orig Row]]),""))} -> David Lee | F24: 1969 | G24: Sport | H24: Yachting changed to Sailing | I24: {=IF(NOT(ISNUMBER(ChangeLog[[#This Row],[Orig Row]])),"",IFERROR(IF(INDEX(IF(ChangeLog[[#This Row],[Games]]="SEA Games",'SNOC SEAG'!$B:$B,IF(ChangeLog[[#This Row],[Games]]="Olympic Games",'SNOC OG'!$B:$B,IF(ChangeLog[[#This Row],[Games]]="Commonweatlh Games",'SNOC CW Games'!$B:$B,'SNOC AG'!$B:$B))),ChangeLog[[#This Row],[Orig Row]])="","",INDEX(IF(ChangeLog[[#This Row],[Games]]="SEA Games",'SNOC SEAG'!$B:$B,IF(ChangeLog[[#This Row],[Games]]="Olympic Games",'SNOC OG'!$B:$B,IF(ChangeLog[[#This Row],[Games]]="Commonweatlh Games",'SNOC CW Games'!$B:$B,'SNOC AG'!$B:$B))),ChangeLog[[#This Row],[Orig Row]])),""))} -> Yachting | J24: {=IF(NOT(ISNUMBER(ChangeLog[[#This Row],[Orig Row]])),"",IFERROR(IF(INDEX(IF(ChangeLog[[#This Row],[Games]]="SEA Games",'SNOC SEAG'!$C:$C,IF(ChangeLog[[#This Row],[Games]]="Olympic Games",'SNOC OG'!$C:$C,IF(ChangeLog[[#This Row],[Games]]="Commonweatlh Games",'SNOC CW Games'!$C:$C,'SNOC AG'!$C:$C))),ChangeLog[[#This Row],[Orig Row]])="","",INDEX(IF(ChangeLog[[#This Row],[Games]]="SEA Games",'SNOC SEAG'!$C:$C,IF(ChangeLog[[#This Row],[Games]]="Olympic Games",'SNOC OG'!$C:$C,IF(ChangeLog[[#This Row],[Games]]="Commonweatlh Games",'SNOC CW Games'!$C:$C,'SNOC AG'!$C:$C))),ChangeLog[[#This Row],[Orig Row]])),""))} -> National Enterprise Class | K24: {=IF(NOT(ISNUMBER(ChangeLog[[#This Row],[Orig Row]])),"",IFERROR(IF(INDEX(IF(ChangeLog[[#This Row],[Games]]="SEA Games",'SNOC SEAG'!$D:$D,IF(ChangeLog[[#This Row],[Games]]="Olympic Games",'SNOC OG'!$D:$D,IF(ChangeLog[[#This Row],[Games]]="Commonweatlh Games",'SNOC CW Games'!$D:$D,'SNOC AG'!$D:$D))),ChangeLog[[#This Row],[Orig Row]])="","",INDEX(IF(ChangeLog[[#This Row],[Games]]="SEA Games",'SNOC SEAG'!$D:$D,IF(ChangeLog[[#This Row],[Games]]="Olympic Games",'SNOC OG'!$D:$D,IF(ChangeLog[[#This Row],[Games]]="Commonweatlh Games",'SNOC CW Games'!$D:$D,'SNOC AG'!$D:$D))),ChangeLog[[#This Row],[Orig Row]])),""))} -> Silver | L24: =IFERROR(IF(INDEX('Consolidated Games'!$D:$D,MATCH(ChangeLog[[#This Row],[ROW_ID]],'Consolidated Games'!$T:$T,0))="","",INDEX('Consolidated Games'!$D:$D,MATCH(ChangeLog[[#This Row],[ROW_ID]],'Consolidated Games'!$T:$T,0))),"") -> SAILING | M24: =IFERROR(IF(INDEX('Consolidated Games'!$E:$E,MATCH(ChangeLog[[#This Row],[ROW_ID]],'Consolidated Games'!$T:$T,0))="","",INDEX('Consolidated Games'!$E:$E,MATCH(ChangeLog[[#This Row],[ROW_ID]],'Consolidated Games'!$T:$T,0))),"") -> SAILING | N24: {=IF(NOT(ISNUMBER(ChangeLog[[#This Row],[Clean Row]])),"",IFERROR(IF(INDEX('Consolidated Games'!$G:$G,ChangeLog[[#This Row],[Clean Row]])="","",INDEX('Consolidated Games'!$G:$G,ChangeLog[[#This Row],[Clean Row]])),""))} -> ENTERPRISE | O24: =IFERROR(IF(INDEX('Consolidated Games'!$M:$M,MATCH(ChangeLog[[#This Row],[ROW_ID]],'Consolidated Games'!$T:$T,0))="","",INDEX('Consolidated Games'!$M:$M,MATCH(ChangeLog[[#This Row],[ROW_ID]],'Consolidated Games'!$T:$T,0))),"") -> SILVER | P24: {=IF(NOT(ISNUMBER(ChangeLog[[#This Row],[Clean Row]])),"",IFERROR(IF(INDEX('Consolidated Games'!$J:$J,ChangeLog[[#This Row],[Clean Row]])="","",INDEX('Consolidated Games'!$J:$J,ChangeLog[[#This Row],[Clean Row]])),""))} -> DAVID LEE | Q24: 317 | R24: =IFERROR(MATCH(T24,'Consolidated Games'!$T:$T,0),"—") -> 1002 | S24: Accept | T24: 994
A25: 21 | B25: Modified | D25: SEA Games | E25: {=IF(NOT(ISNUMBER(ChangeLog[[#This Row],[Orig Row]])),"",IFERROR(INDEX(IF(ChangeLog[[#This Row],[Games]]="SEA Games",'SNOC SEAG'!$A:$A,IF(ChangeLog[[#This Row],[Games]]="Olympic Games",'SNOC OG'!$A:$A,IF(ChangeLog[[#This Row],[Games]]="Commonweatlh Games",'SNOC CW Games'!$A:$A,'SNOC AG'!$A:$A))),ChangeLog[[#This Row],[Orig Row]]),""))} -> David Low | F25: 1969 | G25: Sport | H25: Yachting changed to Sailing | I25: {=IF(NOT(ISNUMBER(ChangeLog[[#This Row],[Orig Row]])),"",IFERROR(IF(INDEX(IF(ChangeLog[[#This Row],[Games]]="SEA Games",'SNOC SEAG'!$B:$B,IF(ChangeLog[[#This Row],[Games]]="Olympic Games",'SNOC OG'!$B:$B,IF(ChangeLog[[#This Row],[Games]]="Commonweatlh Games",'SNOC CW Games'!$B:$B,'SNOC AG'!$B:$B))),ChangeLog[[#This Row],[Orig Row]])="","",INDEX(IF(ChangeLog[[#This Row],[Games]]="SEA Games",'SNOC SEAG'!$B:$B,IF(ChangeLog[[#This Row],[Games]]="Olympic Games",'SNOC OG'!$B:$B,IF(ChangeLog[[#This Row],[Games]]="Commonweatlh Games",'SNOC CW Games'!$B:$B,'SNOC AG'!$B:$B))),ChangeLog[[#This Row],[Orig Row]])),""))} -> Yachting | J25: {=IF(NOT(ISNUMBER(ChangeLog[[#This Row],[Orig Row]])),"",IFERROR(IF(INDEX(IF(ChangeLog[[#This Row],[Games]]="SEA Games",'SNOC SEAG'!$C:$C,IF(ChangeLog[[#This Row],[Games]]="Olympic Games",'SNOC OG'!$C:$C,IF(ChangeLog[[#This Row],[Games]]="Commonweatlh Games",'SNOC CW Games'!$C:$C,'SNOC AG'!$C:$C))),ChangeLog[[#This Row],[Orig Row]])="","",INDEX(IF(ChangeLog[[#This Row],[Games]]="SEA Games",'SNOC SEAG'!$C:$C,IF(ChangeLog[[#This Row],[Games]]="Olympic Games",'SNOC OG'!$C:$C,IF(ChangeLog[[#This Row],[Games]]="Commonweatlh Games",'SNOC CW Games'!$C:$C,'SNOC AG'!$C:$C))),ChangeLog[[#This Row],[Orig Row]])),""))} -> O.K. Dinghy Class | K25: {=IF(NOT(ISNUMBER(ChangeLog[[#This Row],[Orig Row]])),"",IFERROR(IF(INDEX(IF(ChangeLog[[#This Row],[Games]]="SEA Games",'SNOC SEAG'!$D:$D,IF(ChangeLog[[#This Row],[Games]]="Olympic Games",'SNOC OG'!$D:$D,IF(ChangeLog[[#This Row],[Games]]="Commonweatlh Games",'SNOC CW Games'!$D:$D,'SNOC AG'!$D:$D))),ChangeLog[[#This Row],[Orig Row]])="","",INDEX(IF(ChangeLog[[#This Row],[Games]]="SEA Games",'SNOC SEAG'!$D:$D,IF(ChangeLog[[#This Row],[Games]]="Olympic Games",'SNOC OG'!$D:$D,IF(ChangeLog[[#This Row],[Games]]="Commonweatlh Games",'SNOC CW Games'!$D:$D,'SNOC AG'!$D:$D))),ChangeLog[[#This Row],[Orig Row]])),""))} -> Silver | L25: =IFERROR(IF(INDEX('Consolidated Games'!$D:$D,MATCH(ChangeLog[[#This Row],[ROW_ID]],'Consolidated Games'!$T:$T,0))="","",INDEX('Consolidated Games'!$D:$D,MATCH(ChangeLog[[#This Row],[ROW_ID]],'Consolidated Games'!$T:$T,0))),"") -> SAILING | M25: =IFERROR(IF(INDEX('Consolidated Games'!$E:$E,MATCH(ChangeLog[[#This Row],[ROW_ID]],'Consolidated Games'!$T:$T,0))="","",INDEX('Consolidated Games'!$E:$E,MATCH(ChangeLog[[#This Row],[ROW_ID]],'Consolidated Games'!$T:$T,0))),"") -> SAILING | N25: {=IF(NOT(ISNUMBER(ChangeLog[[#This Row],[Clean Row]])),"",IFERROR(IF(INDEX('Consolidated Games'!$G:$G,ChangeLog[[#This Row],[Clean Row]])="","",INDEX('Consolidated Games'!$G:$G,ChangeLog[[#This Row],[Clean Row]])),""))} -> OK | O25: =IFERROR(IF(INDEX('Consolidated Games'!$M:$M,MATCH(ChangeLog[[#This Row],[ROW_ID]],'Consolidated Games'!$T:$T,0))="","",INDEX('Consolidated Games'!$M:$M,MATCH(ChangeLog[[#This Row],[ROW_ID]],'Consolidated Games'!$T:$T,0))),"") -> SILVER | P25: {=IF(NOT(ISNUMBER(ChangeLog[[#This Row],[Clean Row]])),"",IFERROR(IF(INDEX('Consolidated Games'!$J:$J,ChangeLog[[#This Row],[Clean Row]])="","",INDEX('Consolidated Games'!$J:$J,ChangeLog[[#This Row],[Clean Row]])),""))} -> DAVID LOW | Q25: 318 | R25: =IFERROR(MATCH(T25,'Consolidated Games'!$T:$T,0),"—") -> 1003 | S25: Accept | T25: 995
A26: 22 | B26: Modified | D26: SEA Games | E26: {=IF(NOT(ISNUMBER(ChangeLog[[#This Row],[Orig Row]])),"",IFERROR(INDEX(IF(ChangeLog[[#This Row],[Games]]="SEA Games",'SNOC SEAG'!$A:$A,IF(ChangeLog[[#This Row],[Games]]="Olympic Games",'SNOC OG'!$A:$A,IF(ChangeLog[[#This Row],[Games]]="Commonweatlh Games",'SNOC CW Games'!$A:$A,'SNOC AG'!$A:$A))),ChangeLog[[#This Row],[Orig Row]]),""))} -> Simon Ashworth | F26: 1969 | G26: Sport | H26: Yachting changed to Sailing | I26: {=IF(NOT(ISNUMBER(ChangeLog[[#This Row],[Orig Row]])),"",IFERROR(IF(INDEX(IF(ChangeLog[[#This Row],[Games]]="SEA Games",'SNOC SEAG'!$B:$B,IF(ChangeLog[[#This Row],[Games]]="Olympic Games",'SNOC OG'!$B:$B,IF(ChangeLog[[#This Row],[Games]]="Commonweatlh Games",'SNOC CW Games'!$B:$B,'SNOC AG'!$B:$B))),ChangeLog[[#This Row],[Orig Row]])="","",INDEX(IF(ChangeLog[[#This Row],[Games]]="SEA Games",'SNOC SEAG'!$B:$B,IF(ChangeLog[[#This Row],[Games]]="Olympic Games",'SNOC OG'!$B:$B,IF(ChangeLog[[#This Row],[Games]]="Commonweatlh Games",'SNOC CW Games'!$B:$B,'SNOC AG'!$B:$B))),ChangeLog[[#This Row],[Orig Row]])),""))} -> Yachting | J26: {=IF(NOT(ISNUMBER(ChangeLog[[#This Row],[Orig Row]])),"",IFERROR(IF(INDEX(IF(ChangeLog[[#This Row],[Games]]="SEA Games",'SNOC SEAG'!$C:$C,IF(ChangeLog[[#This Row],[Games]]="Olympic Games",'SNOC OG'!$C:$C,IF(ChangeLog[[#This Row],[Games]]="Commonweatlh Games",'SNOC CW Games'!$C:$C,'SNOC AG'!$C:$C))),ChangeLog[[#This Row],[Orig Row]])="","",INDEX(IF(ChangeLog[[#This Row],[Games]]="SEA Games",'SNOC SEAG'!$C:$C,IF(ChangeLog[[#This Row],[Games]]="Olympic Games",'SNOC OG'!$C:$C,IF(ChangeLog[[#This Row],[Games]]="Commonweatlh Games",'SNOC CW Games'!$C:$C,'SNOC AG'!$C:$C))),ChangeLog[[#This Row],[Orig Row]])),""))} -> Fireball Class | K26: {=IF(NOT(ISNUMBER(ChangeLog[[#This Row],[Orig Row]])),"",IFERROR(IF(INDEX(IF(ChangeLog[[#This Row],[Games]]="SEA Games",'SNOC SEAG'!$D:$D,IF(ChangeLog[[#This Row],[Games]]="Olympic Games",'SNOC OG'!$D:$D,IF(ChangeLog[[#This Row],[Games]]="Commonweatlh Games",'SNOC CW Games'!$D:$D,'SNOC AG'!$D:$D))),ChangeLog[[#This Row],[Orig Row]])="","",INDEX(IF(ChangeLog[[#This Row],[Games]]="SEA Games",'SNOC SEAG'!$D:$D,IF(ChangeLog[[#This Row],[Games]]="Olympic Games",'SNOC OG'!$D:$D,IF(ChangeLog[[#This Row],[Games]]="Commonweatlh Games",'SNOC CW Games'!$D:$D,'SNOC AG'!$D:$D))),ChangeLog[[#This Row],[Orig Row]])),""))} -> Silver | L26: =IFERROR(IF(INDEX('Consolidated Games'!$D:$D,MATCH(ChangeLog[[#This Row],[ROW_ID]],'Consolidated Games'!$T:$T,0))="","",INDEX('Consolidated Games'!$D:$D,MATCH(ChangeLog[[#This Row],[ROW_ID]],'Consolidated Games'!$T:$T,0))),"") -> SAILING | M26: =IFERROR(IF(INDEX('Consolidated Games'!$E:$E,MATCH(ChangeLog[[#This Row],[ROW_ID]],'Consolidated Games'!$T:$T,0))="","",INDEX('Consolidated Games'!$E:$E,MATCH(ChangeLog[[#This Row],[ROW_ID]],'Consolidated Games'!$T:$T,0))),"") -> SAILING | N26: {=IF(NOT(ISNUMBER(ChangeLog[[#This Row],[Clean Row]])),"",IFERROR(IF(INDEX('Consolidated Games'!$G:$G,ChangeLog[[#This Row],[Clean Row]])="","",INDEX('Consolidated Games'!$G:$G,ChangeLog[[#This Row],[Clean Row]])),""))} -> FIREBALL | O26: =IFERROR(IF(INDEX('Consolidated Games'!$M:$M,MATCH(ChangeLog[[#This Row],[ROW_ID]],'Consolidated Games'!$T:$T,0))="","",INDEX('Consolidated Games'!$M:$M,MATCH(ChangeLog[[#This Row],[ROW_ID]],'Consolidated Games'!$T:$T,0))),"") -> SILVER | P26: {=IF(NOT(ISNUMBER(ChangeLog[[#This Row],[Clean Row]])),"",IFERROR(IF(INDEX('Consolidated Games'!$J:$J,ChangeLog[[#This Row],[Clean Row]])="","",INDEX('Consolidated Games'!$J:$J,ChangeLog[[#This Row],[Clean Row]])),""))} -> SIMON ASHWORTH | Q26: 319 | R26: =IFERROR(MATCH(T26,'Consolidated Games'!$T:$T,0),"—") -> 1004 | S26: Accept | T26: 996
A27: 23 | B27: Modified | D27: SEA Games | E27: {=IF(NOT(ISNUMBER(ChangeLog[[#This Row],[Orig Row]])),"",IFERROR(INDEX(IF(ChangeLog[[#This Row],[Games]]="SEA Games",'SNOC SEAG'!$A:$A,IF(ChangeLog[[#This Row],[Games]]="Olympic Games",'SNOC OG'!$A:$A,IF(ChangeLog[[#This Row],[Games]]="Commonweatlh Games",'SNOC CW Games'!$A:$A,'SNOC AG'!$A:$A))),ChangeLog[[#This Row],[Orig Row]]),""))} -> Tan Eng Huat | F27: 1969 | G27: Sport | H27: Yachting changed to Sailing | I27: {=IF(NOT(ISNUMBER(ChangeLog[[#This Row],[Orig Row]])),"",IFERROR(IF(INDEX(IF(ChangeLog[[#This Row],[Games]]="SEA Games",'SNOC SEAG'!$B:$B,IF(ChangeLog[[#This Row],[Games]]="Olympic Games",'SNOC OG'!$B:$B,IF(ChangeLog[[#This Row],[Games]]="Commonweatlh Games",'SNOC CW Games'!$B:$B,'SNOC AG'!$B:$B))),ChangeLog[[#This Row],[Orig Row]])="","",INDEX(IF(ChangeLog[[#This Row],[Games]]="SEA Games",'SNOC SEAG'!$B:$B,IF(ChangeLog[[#This Row],[Games]]="Olympic Games",'SNOC OG'!$B:$B,IF(ChangeLog[[#This Row],[Games]]="Commonweatlh Games",'SNOC CW Games'!$B:$B,'SNOC AG'!$B:$B))),ChangeLog[[#This Row],[Orig Row]])),""))} -> Yachting | J27: {=IF(NOT(ISNUMBER(ChangeLog[[#This Row],[Orig Row]])),"",IFERROR(IF(INDEX(IF(ChangeLog[[#This Row],[Games]]="SEA Games",'SNOC SEAG'!$C:$C,IF(ChangeLog[[#This Row],[Games]]="Olympic Games",'SNOC OG'!$C:$C,IF(ChangeLog[[#This Row],[Games]]="Commonweatlh Games",'SNOC CW Games'!$C:$C,'SNOC AG'!$C:$C))),ChangeLog[[#This Row],[Orig Row]])="","",INDEX(IF(ChangeLog[[#This Row],[Games]]="SEA Games",'SNOC SEAG'!$C:$C,IF(ChangeLog[[#This Row],[Games]]="Olympic Games",'SNOC OG'!$C:$C,IF(ChangeLog[[#This Row],[Games]]="Commonweatlh Games",'SNOC CW Games'!$C:$C,'SNOC AG'!$C:$C))),ChangeLog[[#This Row],[Orig Row]])),""))} -> Rater Class | K27: {=IF(NOT(ISNUMBER(ChangeLog[[#This Row],[Orig Row]])),"",IFERROR(IF(INDEX(IF(ChangeLog[[#This Row],[Games]]="SEA Games",'SNOC SEAG'!$D:$D,IF(ChangeLog[[#This Row],[Games]]="Olympic Games",'SNOC OG'!$D:$D,IF(ChangeLog[[#This Row],[Games]]="Commonweatlh Games",'SNOC CW Games'!$D:$D,'SNOC AG'!$D:$D))),ChangeLog[[#This Row],[Orig Row]])="","",INDEX(IF(ChangeLog[[#This Row],[Games]]="SEA Games",'SNOC SEAG'!$D:$D,IF(ChangeLog[[#This Row],[Games]]="Olympic Games",'SNOC OG'!$D:$D,IF(ChangeLog[[#This Row],[Games]]="Commonweatlh Games",'SNOC CW Games'!$D:$D,'SNOC AG'!$D:$D))),ChangeLog[[#This Row],[Orig Row]])),""))} -> Silver | L27: =IFERROR(IF(INDEX('Consolidated Games'!$D:$D,MATCH(ChangeLog[[#This Row],[ROW_ID]],'Consolidated Games'!$T:$T,0))="","",INDEX('Consolidated Games'!$D:$D,MATCH(ChangeLog[[#This Row],[ROW_ID]],'Consolidated Games'!$T:$T,0))),"") -> SAILING | M27: =IFERROR(IF(INDEX('Consolidated Games'!$E:$E,MATCH(ChangeLog[[#This Row],[ROW_ID]],'Consolidated Games'!$T:$T,0))="","",INDEX('Consolidated Games'!$E:$E,MATCH(ChangeLog[[#This Row],[ROW_ID]],'Consolidated Games'!$T:$T,0))),"") -> SAILING | N27: {=IF(NOT(ISNUMBER(ChangeLog[[#This Row],[Clean Row]])),"",IFERROR(IF(INDEX('Consolidated Games'!$G:$G,ChangeLog[[#This Row],[Clean Row]])="","",INDEX('Consolidated Games'!$G:$G,ChangeLog[[#This Row],[Clean Row]])),""))} -> RATER | O27: =IFERROR(IF(INDEX('Consolidated Games'!$M:$M,MATCH(ChangeLog[[#This Row],[ROW_ID]],'Consolidated Games'!$T:$T,0))="","",INDEX('Consolidated Games'!$M:$M,MATCH(ChangeLog[[#This Row],[ROW_ID]],'Consolidated Games'!$T:$T,0))),"") -> SILVER | P27: {=IF(NOT(ISNUMBER(ChangeLog[[#This Row],[Clean Row]])),"",IFERROR(IF(INDEX('Consolidated Games'!$J:$J,ChangeLog[[#This Row],[Clean Row]])="","",INDEX('Consolidated Games'!$J:$J,ChangeLog[[#This Row],[Clean Row]])),""))} -> TAN ENG HUAT | Q27: 320 | R27: =IFERROR(MATCH(T27,'Consolidated Games'!$T:$T,0),"—") -> 1005 | S27: Accept | T27: 997
A28: 24 | B28: Modified | C28: Y | D28: SEA Games | E28: {=IF(NOT(ISNUMBER(ChangeLog[[#This Row],[Orig Row]])),"",IFERROR(INDEX(IF(ChangeLog[[#This Row],[Games]]="SEA Games",'SNOC SEAG'!$A:$A,IF(ChangeLog[[#This Row],[Games]]="Olympic Games",'SNOC OG'!$A:$A,IF(ChangeLog[[#This Row],[Games]]="Commonweatlh Games",'SNOC CW Games'!$A:$A,'SNOC AG'!$A:$A))),ChangeLog[[#This Row],[Orig Row]]),""))} -> Boo Kim Siang | F28: 1969 | G28: Medallist | H28: Boo Kim Siang (Weightlifting) swapped for Hui Peng Seng (Diving). Hui Peng Seng won this event. | I28: {=IF(NOT(ISNUMBER(ChangeLog[[#This Row],[Orig Row]])),"",IFERROR(IF(INDEX(IF(ChangeLog[[#This Row],[Games]]="SEA Games",'SNOC SEAG'!$B:$B,IF(ChangeLog[[#This Row],[Games]]="Olympic Games",'SNOC OG'!$B:$B,IF(ChangeLog[[#This Row],[Games]]="Commonweatlh Games",'SNOC CW Games'!$B:$B,'SNOC AG'!$B:$B))),ChangeLog[[#This Row],[Orig Row]])="","",INDEX(IF(ChangeLog[[#This Row],[Games]]="SEA Games",'SNOC SEAG'!$B:$B,IF(ChangeLog[[#This Row],[Games]]="Olympic Games",'SNOC OG'!$B:$B,IF(ChangeLog[[#This Row],[Games]]="Commonweatlh Games",'SNOC CW Games'!$B:$B,'SNOC AG'!$B:$B))),ChangeLog[[#This Row],[Orig Row]])),""))} -> Swimming | J28: {=IF(NOT(ISNUMBER(ChangeLog[[#This Row],[Orig Row]])),"",IFERROR(IF(INDEX(IF(ChangeLog[[#This Row],[Games]]="SEA Games",'SNOC SEAG'!$C:$C,IF(ChangeLog[[#This Row],[Games]]="Olympic Games",'SNOC OG'!$C:$C,IF(ChangeLog[[#This Row],[Games]]="Commonweatlh Games",'SNOC CW Games'!$C:$C,'SNOC AG'!$C:$C))),ChangeLog[[#This Row],[Orig Row]])="","",INDEX(IF(ChangeLog[[#This Row],[Games]]="SEA Games",'SNOC SEAG'!$C:$C,IF(ChangeLog[[#This Row],[Games]]="Olympic Games",'SNOC OG'!$C:$C,IF(ChangeLog[[#This Row],[Games]]="Commonweatlh Games",'SNOC CW Games'!$C:$C,'SNOC AG'!$C:$C))),ChangeLog[[#This Row],[Orig Row]])),""))} -> Springboard Diving | K28: {=IF(NOT(ISNUMBER(ChangeLog[[#This Row],[Orig Row]])),"",IFERROR(IF(INDEX(IF(ChangeLog[[#This Row],[Games]]="SEA Games",'SNOC SEAG'!$D:$D,IF(ChangeLog[[#This Row],[Games]]="Olympic Games",'SNOC OG'!$D:$D,IF(ChangeLog[[#This Row],[Games]]="Commonweatlh Games",'SNOC CW Games'!$D:$D,'SNOC AG'!$D:$D))),ChangeLog[[#This Row],[Orig Row]])="","",INDEX(IF(ChangeLog[[#This Row],[Games]]="SEA Games",'SNOC SEAG'!$D:$D,IF(ChangeLog[[#This Row],[Games]]="Olympic Games",'SNOC OG'!$D:$D,IF(ChangeLog[[#This Row],[Games]]="Commonweatlh Games",'SNOC CW Games'!$D:$D,'SNOC AG'!$D:$D))),ChangeLog[[#This Row],[Orig Row]])),""))} -> Silver | L28: =IFERROR(IF(INDEX('Consolidated Games'!$D:$D,MATCH(ChangeLog[[#This Row],[ROW_ID]],'Consolidated Games'!$T:$T,0))="","",INDEX('Consolidated Games'!$D:$D,MATCH(ChangeLog[[#This Row],[ROW_ID]],'Consolidated Games'!$T:$T,0))),"") -> WEIGHTLIFTING | M28: =IFERROR(IF(INDEX('Consolidated Games'!$E:$E,MATCH(ChangeLog[[#This Row],[ROW_ID]],'Consolidated Games'!$T:$T,0))="","",INDEX('Consolidated Games'!$E:$E,MATCH(ChangeLog[[#This Row],[ROW_ID]],'Consolidated Games'!$T:$T,0))),"") -> WEIGHTLIFTING | N28: {=IF(NOT(ISNUMBER(ChangeLog[[#This Row],[Clean Row]])),"",IFERROR(IF(INDEX('Consolidated Games'!$G:$G,ChangeLog[[#This Row],[Clean Row]])="","",INDEX('Consolidated Games'!$G:$G,ChangeLog[[#This Row],[Clean Row]])),""))} -> MIDDLEWEIGHT | O28: =IFERROR(IF(INDEX('Consolidated Games'!$M:$M,MATCH(ChangeLog[[#This Row],[ROW_ID]],'Consolidated Games'!$T:$T,0))="","",INDEX('Consolidated Games'!$M:$M,MATCH(ChangeLog[[#This Row],[ROW_ID]],'Consolidated Games'!$T:$T,0))),"") -> BRONZE | P28: {=IF(NOT(ISNUMBER(ChangeLog[[#This Row],[Clean Row]])),"",IFERROR(IF(INDEX('Consolidated Games'!$J:$J,ChangeLog[[#This Row],[Clean Row]])="","",INDEX('Consolidated Games'!$J:$J,ChangeLog[[#This Row],[Clean Row]])),""))} -> BOO KIM SIANG | Q28: 294 | R28: =IFERROR(MATCH(T28,'Consolidated Games'!$T:$T,0),"—") -> 1013 | S28: Accept | T28: 1005
A29: 25 | B29: Added (cleaned only) | C29: Y | D29: SEA Games | E29: {=IF(NOT(ISNUMBER(ChangeLog[[#This Row],[Orig Row]])),"",IFERROR(INDEX(IF(ChangeLog[[#This Row],[Games]]="SEA Games",'SNOC SEAG'!$A:$A,IF(ChangeLog[[#This Row],[Games]]="Olympic Games",'SNOC OG'!$A:$A,IF(ChangeLog[[#This Row],[Games]]="Commonweatlh Games",'SNOC CW Games'!$A:$A,'SNOC AG'!$A:$A))),ChangeLog[[#This Row],[Orig Row]]),""))} | F29: 1971 | G29: entire row | H29: Singapore won Silver (ref Richard's dataset) https://www.facebook.com/singaporehockey/photos/in-memoriam-honoring-mr-anwarul-haqueit-is-with-great-sadness-that-we-announce-t/1278061304330234/?_rdr | I29: {=IF(NOT(ISNUMBER(ChangeLog[[#This Row],[Orig Row]])),"",IFERROR(IF(INDEX(IF(ChangeLog[[#This Row],[Games]]="SEA Games",'SNOC SEAG'!$B:$B,IF(ChangeLog[[#This Row],[Games]]="Olympic Games",'SNOC OG'!$B:$B,IF(ChangeLog[[#This Row],[Games]]="Commonweatlh Games",'SNOC CW Games'!$B:$B,'SNOC AG'!$B:$B))),ChangeLog[[#This Row],[Orig Row]])="","",INDEX(IF(ChangeLog[[#This Row],[Games]]="SEA Games",'SNOC SEAG'!$B:$B,IF(ChangeLog[[#This Row],[Games]]="Olympic Games",'SNOC OG'!$B:$B,IF(ChangeLog[[#This Row],[Games]]="Commonweatlh Games",'SNOC CW Games'!$B:$B,'SNOC AG'!$B:$B))),ChangeLog[[#This Row],[Orig Row]])),""))} | J29: {=IF(NOT(ISNUMBER(ChangeLog[[#This Row],[Orig Row]])),"",IFERROR(IF(INDEX(IF(ChangeLog[[#This Row],[Games]]="SEA Games",'SNOC SEAG'!$C:$C,IF(ChangeLog[[#This Row],[Games]]="Olympic Games",'SNOC OG'!$C:$C,IF(ChangeLog[[#This Row],[Games]]="Commonweatlh Games",'SNOC CW Games'!$C:$C,'SNOC AG'!$C:$C))),ChangeLog[[#This Row],[Orig Row]])="","",INDEX(IF(ChangeLog[[#This Row],[Games]]="SEA Games",'SNOC SEAG'!$C:$C,IF(ChangeLog[[#This Row],[Games]]="Olympic Games",'SNOC OG'!$C:$C,IF(ChangeLog[[#This Row],[Games]]="Commonweatlh Games",'SNOC CW Games'!$C:$C,'SNOC AG'!$C:$C))),ChangeLog[[#This Row],[Orig Row]])),""))} | K29: {=IF(NOT(ISNUMBER(ChangeLog[[#This Row],[Orig Row]])),"",IFERROR(IF(INDEX(IF(ChangeLog[[#This Row],[Games]]="SEA Games",'SNOC SEAG'!$D:$D,IF(ChangeLog[[#This Row],[Games]]="Olympic Games",'SNOC OG'!$D:$D,IF(ChangeLog[[#This Row],[Games]]="Commonweatlh Games",'SNOC CW Games'!$D:$D,'SNOC AG'!$D:$D))),ChangeLog[[#This Row],[Orig Row]])="","",INDEX(IF(ChangeLog[[#This Row],[Games]]="SEA Games",'SNOC SEAG'!$D:$D,IF(ChangeLog[[#This Row],[Games]]="Olympic Games",'SNOC OG'!$D:$D,IF(ChangeLog[[#This Row],[Games]]="Commonweatlh Games",'SNOC CW Games'!$D:$D,'SNOC AG'!$D:$D))),ChangeLog[[#This Row],[Orig Row]])),""))} | L29: =IFERROR(IF(INDEX('Consolidated Games'!$D:$D,MATCH(ChangeLog[[#This Row],[ROW_ID]],'Consolidated Games'!$T:$T,0))="","",INDEX('Consolidated Games'!$D:$D,MATCH(ChangeLog[[#This Row],[ROW_ID]],'Consolidated Games'!$T:$T,0))),"") -> HOCKEY | M29: =IFERROR(IF(INDEX('Consolidated Games'!$E:$E,MATCH(ChangeLog[[#This Row],[ROW_ID]],'Consolidated Games'!$T:$T,0))="","",INDEX('Consolidated Games'!$E:$E,MATCH(ChangeLog[[#This Row],[ROW_ID]],'Consolidated Games'!$T:$T,0))),"") -> FIELD | N29: {=IF(NOT(ISNUMBER(ChangeLog[[#This Row],[Clean Row]])),"",IFERROR(IF(INDEX('Consolidated Games'!$G:$G,ChangeLog[[#This Row],[Clean Row]])="","",INDEX('Consolidated Games'!$G:$G,ChangeLog[[#This Row],[Clean Row]])),""))} -> TEAM | O29: =IFERROR(IF(INDEX('Consolidated Games'!$M:$M,MATCH(ChangeLog[[#This Row],[ROW_ID]],'Consolidated Games'!$T:$T,0))="","",INDEX('Consolidated Games'!$M:$M,MATCH(ChangeLog[[#This Row],[ROW_ID]],'Consolidated Games'!$T:$T,0))),"") -> SILVER | P29: {=IF(NOT(ISNUMBER(ChangeLog[[#This Row],[Clean Row]])),"",IFERROR(IF(INDEX('Consolidated Games'!$J:$J,ChangeLog[[#This Row],[Clean Row]])="","",INDEX('Consolidated Games'!$J:$J,ChangeLog[[#This Row],[Clean Row]])),""))} -> SINGAPORE | R29: =IFERROR(MATCH(T29,'Consolidated Games'!$T:$T,0),"—") -> 1081 | S29: Accept | T29: 1077
A30: 26 | B30: Modified | D30: SEA Games | E30: {=IF(NOT(ISNUMBER(ChangeLog[[#This Row],[Orig Row]])),"",IFERROR(INDEX(IF(ChangeLog[[#This Row],[Games]]="SEA Games",'SNOC SEAG'!$A:$A,IF(ChangeLog[[#This Row],[Games]]="Olympic Games",'SNOC OG'!$A:$A,IF(ChangeLog[[#This Row],[Games]]="Commonweatlh Games",'SNOC CW Games'!$A:$A,'SNOC AG'!$A:$A))),ChangeLog[[#This Row],[Orig Row]]),""))} -> Roland Lim | F30: 1971 | G30: Sport | H30: cycling to Cycling | I30: {=IF(NOT(ISNUMBER(ChangeLog[[#This Row],[Orig Row]])),"",IFERROR(IF(INDEX(IF(ChangeLog[[#This Row],[Games]]="SEA Games",'SNOC SEAG'!$B:$B,IF(ChangeLog[[#This Row],[Games]]="Olympic Games",'SNOC OG'!$B:$B,IF(ChangeLog[[#This Row],[Games]]="Commonweatlh Games",'SNOC CW Games'!$B:$B,'SNOC AG'!$B:$B))),ChangeLog[[#This Row],[Orig Row]])="","",INDEX(IF(ChangeLog[[#This Row],[Games]]="SEA Games",'SNOC SEAG'!$B:$B,IF(ChangeLog[[#This Row],[Games]]="Olympic Games",'SNOC OG'!$B:$B,IF(ChangeLog[[#This Row],[Games]]="Commonweatlh Games",'SNOC CW Games'!$B:$B,'SNOC AG'!$B:$B))),ChangeLog[[#This Row],[Orig Row]])),""))} -> cycling | J30: {=IF(NOT(ISNUMBER(ChangeLog[[#This Row],[Orig Row]])),"",IFERROR(IF(INDEX(IF(ChangeLog[[#This Row],[Games]]="SEA Games",'SNOC SEAG'!$C:$C,IF(ChangeLog[[#This Row],[Games]]="Olympic Games",'SNOC OG'!$C:$C,IF(ChangeLog[[#This Row],[Games]]="Commonweatlh Games",'SNOC CW Games'!$C:$C,'SNOC AG'!$C:$C))),ChangeLog[[#This Row],[Orig Row]])="","",INDEX(IF(ChangeLog[[#This Row],[Games]]="SEA Games",'SNOC SEAG'!$C:$C,IF(ChangeLog[[#This Row],[Games]]="Olympic Games",'SNOC OG'!$C:$C,IF(ChangeLog[[#This Row],[Games]]="Commonweatlh Games",'SNOC CW Games'!$C:$C,'SNOC AG'!$C:$C))),ChangeLog[[#This Row],[Orig Row]])),""))} -> 800m Massed Start | K30: {=IF(NOT(ISNUMBER(ChangeLog[[#This Row],[Orig Row]])),"",IFERROR(IF(INDEX(IF(ChangeLog[[#This Row],[Games]]="SEA Games",'SNOC SEAG'!$D:$D,IF(ChangeLog[[#This Row],[Games]]="Olympic Games",'SNOC OG'!$D:$D,IF(ChangeLog[[#This Row],[Games]]="Commonweatlh Games",'SNOC CW Games'!$D:$D,'SNOC AG'!$D:$D))),ChangeLog[[#This Row],[Orig Row]])="","",INDEX(IF(ChangeLog[[#This Row],[Games]]="SEA Games",'SNOC SEAG'!$D:$D,IF(ChangeLog[[#This Row],[Games]]="Olympic Games",'SNOC OG'!$D:$D,IF(ChangeLog[[#This Row],[Games]]="Commonweatlh Games",'SNOC CW Games'!$D:$D,'SNOC AG'!$D:$D))),ChangeLog[[#This Row],[Orig Row]])),""))} -> Silver | L30: =IFERROR(IF(INDEX('Consolidated Games'!$D:$D,MATCH(ChangeLog[[#This Row],[ROW_ID]],'Consolidated Games'!$T:$T,0))="","",INDEX('Consolidated Games'!$D:$D,MATCH(ChangeLog[[#This Row],[ROW_ID]],'Consolidated Games'!$T:$T,0))),"") -> CYCLING | M30: =IFERROR(IF(INDEX('Consolidated Games'!$E:$E,MATCH(ChangeLog[[#This Row],[ROW_ID]],'Consolidated Games'!$T:$T,0))="","",INDEX('Consolidated Games'!$E:$E,MATCH(ChangeLog[[#This Row],[ROW_ID]],'Consolidated Games'!$T:$T,0))),"") -> TRACK | N30: {=IF(NOT(ISNUMBER(ChangeLog[[#This Row],[Clean Row]])),"",IFERROR(IF(INDEX('Consolidated Games'!$G:$G,ChangeLog[[#This Row],[Clean Row]])="","",INDEX('Consolidated Games'!$G:$G,ChangeLog[[#This Row],[Clean Row]])),""))} -> 800M MASSED START | O30: =IFERROR(IF(INDEX('Consolidated Games'!$M:$M,MATCH(ChangeLog[[#This Row],[ROW_ID]],'Consolidated Games'!$T:$T,0))="","",INDEX('Consolidated Games'!$M:$M,MATCH(ChangeLog[[#This Row],[ROW_ID]],'Consolidated Games'!$T:$T,0))),"") -> SILVER | P30: {=IF(NOT(ISNUMBER(ChangeLog[[#This Row],[Clean Row]])),"",IFERROR(IF(INDEX('Consolidated Games'!$J:$J,ChangeLog[[#This Row],[Clean Row]])="","",INDEX('Consolidated Games'!$J:$J,ChangeLog[[#This Row],[Clean Row]])),""))} -> ROLAND LIM | Q30: 352 | R30: =IFERROR(MATCH(T30,'Consolidated Games'!$T:$T,0),"—") -> 1077 | S30: Accept | T30: 1073
A31: 27 | B31: Modified | D31: SEA Games | E31: {=IF(NOT(ISNUMBER(ChangeLog[[#This Row],[Orig Row]])),"",IFERROR(INDEX(IF(ChangeLog[[#This Row],[Games]]="SEA Games",'SNOC SEAG'!$A:$A,IF(ChangeLog[[#This Row],[Games]]="Olympic Games",'SNOC OG'!$A:$A,IF(ChangeLog[[#This Row],[Games]]="Commonweatlh Games",'SNOC CW Games'!$A:$A,'SNOC AG'!$A:$A))),ChangeLog[[#This Row],[Orig Row]]),""))} -> Nora Tay | F31: 1971 | G31: Sport | H31: Changed from Swimming to Diving as Sport | I31: {=IF(NOT(ISNUMBER(ChangeLog[[#This Row],[Orig Row]])),"",IFERROR(IF(INDEX(IF(ChangeLog[[#This Row],[Games]]="SEA Games",'SNOC SEAG'!$B:$B,IF(ChangeLog[[#This Row],[Games]]="Olympic Games",'SNOC OG'!$B:$B,IF(ChangeLog[[#This Row],[Games]]="Commonweatlh Games",'SNOC CW Games'!$B:$B,'SNOC AG'!$B:$B))),ChangeLog[[#This Row],[Orig Row]])="","",INDEX(IF(ChangeLog[[#This Row],[Games]]="SEA Games",'SNOC SEAG'!$B:$B,IF(ChangeLog[[#This Row],[Games]]="Olympic Games",'SNOC OG'!$B:$B,IF(ChangeLog[[#This Row],[Games]]="Commonweatlh Games",'SNOC CW Games'!$B:$B,'SNOC AG'!$B:$B))),ChangeLog[[#This Row],[Orig Row]])),""))} -> Swimming | J31: {=IF(NOT(ISNUMBER(ChangeLog[[#This Row],[Orig Row]])),"",IFERROR(IF(INDEX(IF(ChangeLog[[#This Row],[Games]]="SEA Games",'SNOC SEAG'!$C:$C,IF(ChangeLog[[#This Row],[Games]]="Olympic Games",'SNOC OG'!$C:$C,IF(ChangeLog[[#This Row],[Games]]="Commonweatlh Games",'SNOC CW Games'!$C:$C,'SNOC AG'!$C:$C))),ChangeLog[[#This Row],[Orig Row]])="","",INDEX(IF(ChangeLog[[#This Row],[Games]]="SEA Games",'SNOC SEAG'!$C:$C,IF(ChangeLog[[#This Row],[Games]]="Olympic Games",'SNOC OG'!$C:$C,IF(ChangeLog[[#This Row],[Games]]="Commonweatlh Games",'SNOC CW Games'!$C:$C,'SNOC AG'!$C:$C))),ChangeLog[[#This Row],[Orig Row]])),""))} -> Springboard Diving | K31: {=IF(NOT(ISNUMBER(ChangeLog[[#This Row],[Orig Row]])),"",IFERROR(IF(INDEX(IF(ChangeLog[[#This Row],[Games]]="SEA Games",'SNOC SEAG'!$D:$D,IF(ChangeLog[[#This Row],[Games]]="Olympic Games",'SNOC OG'!$D:$D,IF(ChangeLog[[#This Row],[Games]]="Commonweatlh Games",'SNOC CW Games'!$D:$D,'SNOC AG'!$D:$D))),ChangeLog[[#This Row],[Orig Row]])="","",INDEX(IF(ChangeLog[[#This Row],[Games]]="SEA Games",'SNOC SEAG'!$D:$D,IF(ChangeLog[[#This Row],[Games]]="Olympic Games",'SNOC OG'!$D:$D,IF(ChangeLog[[#This Row],[Games]]="Commonweatlh Games",'SNOC CW Games'!$D:$D,'SNOC AG'!$D:$D))),ChangeLog[[#This Row],[Orig Row]])),""))} -> Gold | L31: =IFERROR(IF(INDEX('Consolidated Games'!$D:$D,MATCH(ChangeLog[[#This Row],[ROW_ID]],'Consolidated Games'!$T:$T,0))="","",INDEX('Consolidated Games'!$D:$D,MATCH(ChangeLog[[#This Row],[ROW_ID]],'Consolidated Games'!$T:$T,0))),"") -> DIVING | M31: =IFERROR(IF(INDEX('Consolidated Games'!$E:$E,MATCH(ChangeLog[[#This Row],[ROW_ID]],'Consolidated Games'!$T:$T,0))="","",INDEX('Consolidated Games'!$E:$E,MATCH(ChangeLog[[#This Row],[ROW_ID]],'Consolidated Games'!$T:$T,0))),"") -> DIVING | N31: {=IF(NOT(ISNUMBER(ChangeLog[[#This Row],[Clean Row]])),"",IFERROR(IF(INDEX('Consolidated Games'!$G:$G,ChangeLog[[#This Row],[Clean Row]])="","",INDEX('Consolidated Games'!$G:$G,ChangeLog[[#This Row],[Clean Row]])),""))} -> 3M SPRINGBOARD | O31: =IFERROR(IF(INDEX('Consolidated Games'!$M:$M,MATCH(ChangeLog[[#This Row],[ROW_ID]],'Consolidated Games'!$T:$T,0))="","",INDEX('Consolidated Games'!$M:$M,MATCH(ChangeLog[[#This Row],[ROW_ID]],'Consolidated Games'!$T:$T,0))),"") -> GOLD | P31: {=IF(NOT(ISNUMBER(ChangeLog[[#This Row],[Clean Row]])),"",IFERROR(IF(INDEX('Consolidated Games'!$J:$J,ChangeLog[[#This Row],[Clean Row]])="","",INDEX('Consolidated Games'!$J:$J,ChangeLog[[#This Row],[Clean Row]])),""))} -> NORA TAY | Q31: 381 | R31: =IFERROR(MATCH(T31,'Consolidated Games'!$T:$T,0),"—") -> 4 | S31: Accept | T31: 1009
A32: 28 | B32: Modified | D32: SEA Games | E32: {=IF(NOT(ISNUMBER(ChangeLog[[#This Row],[Orig Row]])),"",IFERROR(INDEX(IF(ChangeLog[[#This Row],[Games]]="SEA Games",'SNOC SEAG'!$A:$A,IF(ChangeLog[[#This Row],[Games]]="Olympic Games",'SNOC OG'!$A:$A,IF(ChangeLog[[#This Row],[Games]]="Commonweatlh Games",'SNOC CW Games'!$A:$A,'SNOC AG'!$A:$A))),ChangeLog[[#This Row],[Orig Row]]),""))} -> Singapore (waterpolo) | F32: 1971 | G32: Sport | H32: Changed from Swimming to Water Polo as Sport | I32: {=IF(NOT(ISNUMBER(ChangeLog[[#This Row],[Orig Row]])),"",IFERROR(IF(INDEX(IF(ChangeLog[[#This Row],[Games]]="SEA Games",'SNOC SEAG'!$B:$B,IF(ChangeLog[[#This Row],[Games]]="Olympic Games",'SNOC OG'!$B:$B,IF(ChangeLog[[#This Row],[Games]]="Commonweatlh Games",'SNOC CW Games'!$B:$B,'SNOC AG'!$B:$B))),ChangeLog[[#This Row],[Orig Row]])="","",INDEX(IF(ChangeLog[[#This Row],[Games]]="SEA Games",'SNOC SEAG'!$B:$B,IF(ChangeLog[[#This Row],[Games]]="Olympic Games",'SNOC OG'!$B:$B,IF(ChangeLog[[#This Row],[Games]]="Commonweatlh Games",'SNOC CW Games'!$B:$B,'SNOC AG'!$B:$B))),ChangeLog[[#This Row],[Orig Row]])),""))} -> Swimming | J32: {=IF(NOT(ISNUMBER(ChangeLog[[#This Row],[Orig Row]])),"",IFERROR(IF(INDEX(IF(ChangeLog[[#This Row],[Games]]="SEA Games",'SNOC SEAG'!$C:$C,IF(ChangeLog[[#This Row],[Games]]="Olympic Games",'SNOC OG'!$C:$C,IF(ChangeLog[[#This Row],[Games]]="Commonweatlh Games",'SNOC CW Games'!$C:$C,'SNOC AG'!$C:$C))),ChangeLog[[#This Row],[Orig Row]])="","",INDEX(IF(ChangeLog[[#This Row],[Games]]="SEA Games",'SNOC SEAG'!$C:$C,IF(ChangeLog[[#This Row],[Games]]="Olympic Games",'SNOC OG'!$C:$C,IF(ChangeLog[[#This Row],[Games]]="Commonweatlh Games",'SNOC CW Games'!$C:$C,'SNOC AG'!$C:$C))),ChangeLog[[#This Row],[Orig Row]])),""))} | K32: {=IF(NOT(ISNUMBER(ChangeLog[[#This Row],[Orig Row]])),"",IFERROR(IF(INDEX(IF(ChangeLog[[#This Row],[Games]]="SEA Games",'SNOC SEAG'!$D:$D,IF(ChangeLog[[#This Row],[Games]]="Olympic Games",'SNOC OG'!$D:$D,IF(ChangeLog[[#This Row],[Games]]="Commonweatlh Games",'SNOC CW Games'!$D:$D,'SNOC AG'!$D:$D))),ChangeLog[[#This Row],[Orig Row]])="","",INDEX(IF(ChangeLog[[#This Row],[Games]]="SEA Games",'SNOC SEAG'!$D:$D,IF(ChangeLog[[#This Row],[Games]]="Olympic Games",'SNOC OG'!$D:$D,IF(ChangeLog[[#This Row],[Games]]="Commonweatlh Games",'SNOC CW Games'!$D:$D,'SNOC AG'!$D:$D))),ChangeLog[[#This Row],[Orig Row]])),""))} -> Gold | L32: =IFERROR(IF(INDEX('Consolidated Games'!$D:$D,MATCH(ChangeLog[[#This Row],[ROW_ID]],'Consolidated Games'!$T:$T,0))="","",INDEX('Consolidated Games'!$D:$D,MATCH(ChangeLog[[#This Row],[ROW_ID]],'Consolidated Games'!$T:$T,0))),"") -> WATER POLO | M32: =IFERROR(IF(INDEX('Consolidated Games'!$E:$E,MATCH(ChangeLog[[#This Row],[ROW_ID]],'Consolidated Games'!$T:$T,0))="","",INDEX('Consolidated Games'!$E:$E,MATCH(ChangeLog[[#This Row],[ROW_ID]],'Consolidated Games'!$T:$T,0))),"") -> WATER POLO | N32: {=IF(NOT(ISNUMBER(ChangeLog[[#This Row],[Clean Row]])),"",IFERROR(IF(INDEX('Consolidated Games'!$G:$G,ChangeLog[[#This Row],[Clean Row]])="","",INDEX('Consolidated Games'!$G:$G,ChangeLog[[#This Row],[Clean Row]])),""))} -> TEAM | O32: =IFERROR(IF(INDEX('Consolidated Games'!$M:$M,MATCH(ChangeLog[[#This Row],[ROW_ID]],'Consolidated Games'!$T:$T,0))="","",INDEX('Consolidated Games'!$M:$M,MATCH(ChangeLog[[#This Row],[ROW_ID]],'Consolidated Games'!$T:$T,0))),"") -> GOLD | P32: {=IF(NOT(ISNUMBER(ChangeLog[[#This Row],[Clean Row]])),"",IFERROR(IF(INDEX('Consolidated Games'!$J:$J,ChangeLog[[#This Row],[Clean Row]])="","",INDEX('Consolidated Games'!$J:$J,ChangeLog[[#This Row],[Clean Row]])),""))} -> SINGAPORE | Q32: 392 | R32: =IFERROR(MATCH(T32,'Consolidated Games'!$T:$T,0),"—") -> 5 | S32: Accept | T32: 1010
A33: 29 | B33: Modified | D33: SEA Games | E33: {=IF(NOT(ISNUMBER(ChangeLog[[#This Row],[Orig Row]])),"",IFERROR(INDEX(IF(ChangeLog[[#This Row],[Games]]="SEA Games",'SNOC SEAG'!$A:$A,IF(ChangeLog[[#This Row],[Games]]="Olympic Games",'SNOC OG'!$A:$A,IF(ChangeLog[[#This Row],[Games]]="Commonweatlh Games",'SNOC CW Games'!$A:$A,'SNOC AG'!$A:$A))),ChangeLog[[#This Row],[Orig Row]]),""))} -> Daniel Lim_x000D_ Shahrin Osman_x000D_ Amir Leow | F33: 1973 | G33: Sport | H33: Lawn Tennis to Tennis as Sport | I33: {=IF(NOT(ISNUMBER(ChangeLog[[#This Row],[Orig Row]])),"",IFERROR(IF(INDEX(IF(ChangeLog[[#This Row],[Games]]="SEA Games",'SNOC SEAG'!$B:$B,IF(ChangeLog[[#This Row],[Games]]="Olympic Games",'SNOC OG'!$B:$B,IF(ChangeLog[[#This Row],[Games]]="Commonweatlh Games",'SNOC CW Games'!$B:$B,'SNOC AG'!$B:$B))),ChangeLog[[#This Row],[Orig Row]])="","",INDEX(IF(ChangeLog[[#This Row],[Games]]="SEA Games",'SNOC SEAG'!$B:$B,IF(ChangeLog[[#This Row],[Games]]="Olympic Games",'SNOC OG'!$B:$B,IF(ChangeLog[[#This Row],[Games]]="Commonweatlh Games",'SNOC CW Games'!$B:$B,'SNOC AG'!$B:$B))),ChangeLog[[#This Row],[Orig Row]])),""))} -> Lawn Tennis | J33: {=IF(NOT(ISNUMBER(ChangeLog[[#This Row],[Orig Row]])),"",IFERROR(IF(INDEX(IF(ChangeLog[[#This Row],[Games]]="SEA Games",'SNOC SEAG'!$C:$C,IF(ChangeLog[[#This Row],[Games]]="Olympic Games",'SNOC OG'!$C:$C,IF(ChangeLog[[#This Row],[Games]]="Commonweatlh Games",'SNOC CW Games'!$C:$C,'SNOC AG'!$C:$C))),ChangeLog[[#This Row],[Orig Row]])="","",INDEX(IF(ChangeLog[[#This Row],[Games]]="SEA Games",'SNOC SEAG'!$C:$C,IF(ChangeLog[[#This Row],[Games]]="Olympic Games",'SNOC OG'!$C:$C,IF(ChangeLog[[#This Row],[Games]]="Commonweatlh Games",'SNOC CW Games'!$C:$C,'SNOC AG'!$C:$C))),ChangeLog[[#This Row],[Orig Row]])),""))} -> Men's Team | K33: {=IF(NOT(ISNUMBER(ChangeLog[[#This Row],[Orig Row]])),"",IFERROR(IF(INDEX(IF(ChangeLog[[#This Row],[Games]]="SEA Games",'SNOC SEAG'!$D:$D,IF(ChangeLog[[#This Row],[Games]]="Olympic Games",'SNOC OG'!$D:$D,IF(ChangeLog[[#This Row],[Games]]="Commonweatlh Games",'SNOC CW Games'!$D:$D,'SNOC AG'!$D:$D))),ChangeLog[[#This Row],[Orig Row]])="","",INDEX(IF(ChangeLog[[#This Row],[Games]]="SEA Games",'SNOC SEAG'!$D:$D,IF(ChangeLog[[#This Row],[Games]]="Olympic Games",'SNOC OG'!$D:$D,IF(ChangeLog[[#This Row],[Games]]="Commonweatlh Games",'SNOC CW Games'!$D:$D,'SNOC AG'!$D:$D))),ChangeLog[[#This Row],[Orig Row]])),""))} -> Bronze | L33: =IFERROR(IF(INDEX('Consolidated Games'!$D:$D,MATCH(ChangeLog[[#This Row],[ROW_ID]],'Consolidated Games'!$T:$T,0))="","",INDEX('Consolidated Games'!$D:$D,MATCH(ChangeLog[[#This Row],[ROW_ID]],'Consolidated Games'!$T:$T,0))),"") -> TENNIS | M33: =IFERROR(IF(INDEX('Consolidated Games'!$E:$E,MATCH(ChangeLog[[#This Row],[ROW_ID]],'Consolidated Games'!$T:$T,0))="","",INDEX('Consolidated Games'!$E:$E,MATCH(ChangeLog[[#This Row],[ROW_ID]],'Consolidated Games'!$T:$T,0))),"") -> TENNIS | N33: {=IF(NOT(ISNUMBER(ChangeLog[[#This Row],[Clean Row]])),"",IFERROR(IF(INDEX('Consolidated Games'!$G:$G,ChangeLog[[#This Row],[Clean Row]])="","",INDEX('Consolidated Games'!$G:$G,ChangeLog[[#This Row],[Clean Row]])),""))} -> TEAM | O33: =IFERROR(IF(INDEX('Consolidated Games'!$M:$M,MATCH(ChangeLog[[#This Row],[ROW_ID]],'Consolidated Games'!$T:$T,0))="","",INDEX('Consolidated Games'!$M:$M,MATCH(ChangeLog[[#This Row],[ROW_ID]],'Consolidated Games'!$T:$T,0))),"") -> BRONZE | P33: {=IF(NOT(ISNUMBER(ChangeLog[[#This Row],[Clean Row]])),"",IFERROR(IF(INDEX('Consolidated Games'!$J:$J,ChangeLog[[#This Row],[Clean Row]])="","",INDEX('Consolidated Games'!$J:$J,ChangeLog[[#This Row],[Clean Row]])),""))} -> DANIEL LIM_x000D_ SHAHRIN OSMAN_x000D_ AMIR LEOW | Q33: 471 | R33: =IFERROR(MATCH(T33,'Consolidated Games'!$T:$T,0),"—") -> 1239 | S33: Accept | T33: 1235
A34: 30 | B34: Modified | D34: SEA Games | E34: {=IF(NOT(ISNUMBER(ChangeLog[[#This Row],[Orig Row]])),"",IFERROR(INDEX(IF(ChangeLog[[#This Row],[Games]]="SEA Games",'SNOC SEAG'!$A:$A,IF(ChangeLog[[#This Row],[Games]]="Olympic Games",'SNOC OG'!$A:$A,IF(ChangeLog[[#This Row],[Games]]="Commonweatlh Games",'SNOC CW Games'!$A:$A,'SNOC AG'!$A:$A))),ChangeLog[[#This Row],[Orig Row]]),""))} -> Lim Phi Lian_x000D_ Ong Siong Ngo | F34: 1973 | G34: Sport | H34: Lawn Tennis to Tennis as Sport | I34: {=IF(NOT(ISNUMBER(ChangeLog[[#This Row],[Orig Row]])),"",IFERROR(IF(INDEX(IF(ChangeLog[[#This Row],[Games]]="SEA Games",'SNOC SEAG'!$B:$B,IF(ChangeLog[[#This Row],[Games]]="Olympic Games",'SNOC OG'!$B:$B,IF(ChangeLog[[#This Row],[Games]]="Commonweatlh Games",'SNOC CW Games'!$B:$B,'SNOC AG'!$B:$B))),ChangeLog[[#This Row],[Orig Row]])="","",INDEX(IF(ChangeLog[[#This Row],[Games]]="SEA Games",'SNOC SEAG'!$B:$B,IF(ChangeLog[[#This Row],[Games]]="Olympic Games",'SNOC OG'!$B:$B,IF(ChangeLog[[#This Row],[Games]]="Commonweatlh Games",'SNOC CW Games'!$B:$B,'SNOC AG'!$B:$B))),ChangeLog[[#This Row],[Orig Row]])),""))} -> Lawn Tennis | J34: {=IF(NOT(ISNUMBER(ChangeLog[[#This Row],[Orig Row]])),"",IFERROR(IF(INDEX(IF(ChangeLog[[#This Row],[Games]]="SEA Games",'SNOC SEAG'!$C:$C,IF(ChangeLog[[#This Row],[Games]]="Olympic Games",'SNOC OG'!$C:$C,IF(ChangeLog[[#This Row],[Games]]="Commonweatlh Games",'SNOC CW Games'!$C:$C,'SNOC AG'!$C:$C))),ChangeLog[[#This Row],[Orig Row]])="","",INDEX(IF(ChangeLog[[#This Row],[Games]]="SEA Games",'SNOC SEAG'!$C:$C,IF(ChangeLog[[#This Row],[Games]]="Olympic Games",'SNOC OG'!$C:$C,IF(ChangeLog[[#This Row],[Games]]="Commonweatlh Games",'SNOC CW Games'!$C:$C,'SNOC AG'!$C:$C))),ChangeLog[[#This Row],[Orig Row]])),""))} -> Ladies Double | K34: {=IF(NOT(ISNUMBER(ChangeLog[[#This Row],[Orig Row]])),"",IFERROR(IF(INDEX(IF(ChangeLog[[#This Row],[Games]]="SEA Games",'SNOC SEAG'!$D:$D,IF(ChangeLog[[#This Row],[Games]]="Olympic Games",'SNOC OG'!$D:$D,IF(ChangeLog[[#This Row],[Games]]="Commonweatlh Games",'SNOC CW Games'!$D:$D,'SNOC AG'!$D:$D))),ChangeLog[[#This Row],[Orig Row]])="","",INDEX(IF(ChangeLog[[#This Row],[Games]]="SEA Games",'SNOC SEAG'!$D:$D,IF(ChangeLog[[#This Row],[Games]]="Olympic Games",'SNOC OG'!$D:$D,IF(ChangeLog[[#This Row],[Games]]="Commonweatlh Games",'SNOC CW Games'!$D:$D,'SNOC AG'!$D:$D))),ChangeLog[[#This Row],[Orig Row]])),""))} -> Bronze | L34: =IFERROR(IF(INDEX('Consolidated Games'!$D:$D,MATCH(ChangeLog[[#This Row],[ROW_ID]],'Consolidated Games'!$T:$T,0))="","",INDEX('Consolidated Games'!$D:$D,MATCH(ChangeLog[[#This Row],[ROW_ID]],'Consolidated Games'!$T:$T,0))),"") -> TENNIS | M34: =IFERROR(IF(INDEX('Consolidated Games'!$E:$E,MATCH(ChangeLog[[#This Row],[ROW_ID]],'Consolidated Games'!$T:$T,0))="","",INDEX('Consolidated Games'!$E:$E,MATCH(ChangeLog[[#This Row],[ROW_ID]],'Consolidated Games'!$T:$T,0))),"") -> TENNIS | N34: {=IF(NOT(ISNUMBER(ChangeLog[[#This Row],[Clean Row]])),"",IFERROR(IF(INDEX('Consolidated Games'!$G:$G,ChangeLog[[#This Row],[Clean Row]])="","",INDEX('Consolidated Games'!$G:$G,ChangeLog[[#This Row],[Clean Row]])),""))} -> DOUBLES | O34: =IFERROR(IF(INDEX('Consolidated Games'!$M:$M,MATCH(ChangeLog[[#This Row],[ROW_ID]],'Consolidated Games'!$T:$T,0))="","",INDEX('Consolidated Games'!$M:$M,MATCH(ChangeLog[[#This Row],[ROW_ID]],'Consolidated Games'!$T:$T,0))),"") -> BRONZE | P34: {=IF(NOT(ISNUMBER(ChangeLog[[#This Row],[Clean Row]])),"",IFERROR(IF(INDEX('Consolidated Games'!$J:$J,ChangeLog[[#This Row],[Clean Row]])="","",INDEX('Consolidated Games'!$J:$J,ChangeLog[[#This Row],[Clean Row]])),""))} -> LIM PHI LIAN_x000D_ ONG SIONG NGO | Q34: 472 | R34: =IFERROR(MATCH(T34,'Consolidated Games'!$T:$T,0),"—") -> 1240 | S34: Accept | T34: 1236
A35: 31 | B35: Modified | D35: SEA Games | E35: {=IF(NOT(ISNUMBER(ChangeLog[[#This Row],[Orig Row]])),"",IFERROR(INDEX(IF(ChangeLog[[#This Row],[Games]]="SEA Games",'SNOC SEAG'!$A:$A,IF(ChangeLog[[#This Row],[Games]]="Olympic Games",'SNOC OG'!$A:$A,IF(ChangeLog[[#This Row],[Games]]="Commonweatlh Games",'SNOC CW Games'!$A:$A,'SNOC AG'!$A:$A))),ChangeLog[[#This Row],[Orig Row]]),""))} -> Lim Phi Lian _x000D_ Margart Loh_x000D_ Vivien Gwee | F35: 1973 | G35: Sport | H35: Lawn Tennis to Tennis as Sport | I35: {=IF(NOT(ISNUMBER(ChangeLog[[#This Row],[Orig Row]])),"",IFERROR(IF(INDEX(IF(ChangeLog[[#This Row],[Games]]="SEA Games",'SNOC SEAG'!$B:$B,IF(ChangeLog[[#This Row],[Games]]="Olympic Games",'SNOC OG'!$B:$B,IF(ChangeLog[[#This Row],[Games]]="Commonweatlh Games",'SNOC CW Games'!$B:$B,'SNOC AG'!$B:$B))),ChangeLog[[#This Row],[Orig Row]])="","",INDEX(IF(ChangeLog[[#This Row],[Games]]="SEA Games",'SNOC SEAG'!$B:$B,IF(ChangeLog[[#This Row],[Games]]="Olympic Games",'SNOC OG'!$B:$B,IF(ChangeLog[[#This Row],[Games]]="Commonweatlh Games",'SNOC CW Games'!$B:$B,'SNOC AG'!$B:$B))),ChangeLog[[#This Row],[Orig Row]])),""))} -> Lawn Tennis | J35: {=IF(NOT(ISNUMBER(ChangeLog[[#This Row],[Orig Row]])),"",IFERROR(IF(INDEX(IF(ChangeLog[[#This Row],[Games]]="SEA Games",'SNOC SEAG'!$C:$C,IF(ChangeLog[[#This Row],[Games]]="Olympic Games",'SNOC OG'!$C:$C,IF(ChangeLog[[#This Row],[Games]]="Commonweatlh Games",'SNOC CW Games'!$C:$C,'SNOC AG'!$C:$C))),ChangeLog[[#This Row],[Orig Row]])="","",INDEX(IF(ChangeLog[[#This Row],[Games]]="SEA Games",'SNOC SEAG'!$C:$C,IF(ChangeLog[[#This Row],[Games]]="Olympic Games",'SNOC OG'!$C:$C,IF(ChangeLog[[#This Row],[Games]]="Commonweatlh Games",'SNOC CW Games'!$C:$C,'SNOC AG'!$C:$C))),ChangeLog[[#This Row],[Orig Row]])),""))} -> Ladies Team | K35: {=IF(NOT(ISNUMBER(ChangeLog[[#This Row],[Orig Row]])),"",IFERROR(IF(INDEX(IF(ChangeLog[[#This Row],[Games]]="SEA Games",'SNOC SEAG'!$D:$D,IF(ChangeLog[[#This Row],[Games]]="Olympic Games",'SNOC OG'!$D:$D,IF(ChangeLog[[#This Row],[Games]]="Commonweatlh Games",'SNOC CW Games'!$D:$D,'SNOC AG'!$D:$D))),ChangeLog[[#This Row],[Orig Row]])="","",INDEX(IF(ChangeLog[[#This Row],[Games]]="SEA Games",'SNOC SEAG'!$D:$D,IF(ChangeLog[[#This Row],[Games]]="Olympic Games",'SNOC OG'!$D:$D,IF(ChangeLog[[#This Row],[Games]]="Commonweatlh Games",'SNOC CW Games'!$D:$D,'SNOC AG'!$D:$D))),ChangeLog[[#This Row],[Orig Row]])),""))} -> Bronze | L35: =IFERROR(IF(INDEX('Consolidated Games'!$D:$D,MATCH(ChangeLog[[#This Row],[ROW_ID]],'Consolidated Games'!$T:$T,0))="","",INDEX('Consolidated Games'!$D:$D,MATCH(ChangeLog[[#This Row],[ROW_ID]],'Consolidated Games'!$T:$T,0))),"") -> TENNIS | M35: =IFERROR(IF(INDEX('Consolidated Games'!$E:$E,MATCH(ChangeLog[[#This Row],[ROW_ID]],'Consolidated Games'!$T:$T,0))="","",INDEX('Consolidated Games'!$E:$E,MATCH(ChangeLog[[#This Row],[ROW_ID]],'Consolidated Games'!$T:$T,0))),"") -> TENNIS | N35: {=IF(NOT(ISNUMBER(ChangeLog[[#This Row],[Clean Row]])),"",IFERROR(IF(INDEX('Consolidated Games'!$G:$G,ChangeLog[[#This Row],[Clean Row]])="","",INDEX('Consolidated Games'!$G:$G,ChangeLog[[#This Row],[Clean Row]])),""))} -> TEAM | O35: =IFERROR(IF(INDEX('Consolidated Games'!$M:$M,MATCH(ChangeLog[[#This Row],[ROW_ID]],'Consolidated Games'!$T:$T,0))="","",INDEX('Consolidated Games'!$M:$M,MATCH(ChangeLog[[#This Row],[ROW_ID]],'Consolidated Games'!$T:$T,0))),"") -> BRONZE | P35: {=IF(NOT(ISNUMBER(ChangeLog[[#This Row],[Clean Row]])),"",IFERROR(IF(INDEX('Consolidated Games'!$J:$J,ChangeLog[[#This Row],[Clean Row]])="","",INDEX('Consolidated Games'!$J:$J,ChangeLog[[#This Row],[Clean Row]])),""))} -> LIM PHI LIAN _x000D_ MARGART LOH_x000D_ VIVIEN GWEE | Q35: 473 | R35: =IFERROR(MATCH(T35,'Consolidated Games'!$T:$T,0),"—") -> 1241 | S35: Accept | T35: 1237
A36: 32 | B36: Modified | D36: SEA Games | E36: {=IF(NOT(ISNUMBER(ChangeLog[[#This Row],[Orig Row]])),"",IFERROR(INDEX(IF(ChangeLog[[#This Row],[Games]]="SEA Games",'SNOC SEAG'!$A:$A,IF(ChangeLog[[#This Row],[Games]]="Olympic Games",'SNOC OG'!$A:$A,IF(ChangeLog[[#This Row],[Games]]="Commonweatlh Games",'SNOC CW Games'!$A:$A,'SNOC AG'!$A:$A))),ChangeLog[[#This Row],[Orig Row]]),""))} -> Albert Tham Kum Chuen | F36: 1973 | G36: Sport | H36: Changed from Swimming to Diving as Sport | I36: {=IF(NOT(ISNUMBER(ChangeLog[[#This Row],[Orig Row]])),"",IFERROR(IF(INDEX(IF(ChangeLog[[#This Row],[Games]]="SEA Games",'SNOC SEAG'!$B:$B,IF(ChangeLog[[#This Row],[Games]]="Olympic Games",'SNOC OG'!$B:$B,IF(ChangeLog[[#This Row],[Games]]="Commonweatlh Games",'SNOC CW Games'!$B:$B,'SNOC AG'!$B:$B))),ChangeLog[[#This Row],[Orig Row]])="","",INDEX(IF(ChangeLog[[#This Row],[Games]]="SEA Games",'SNOC SEAG'!$B:$B,IF(ChangeLog[[#This Row],[Games]]="Olympic Games",'SNOC OG'!$B:$B,IF(ChangeLog[[#This Row],[Games]]="Commonweatlh Games",'SNOC CW Games'!$B:$B,'SNOC AG'!$B:$B))),ChangeLog[[#This Row],[Orig Row]])),""))} -> Swimming | J36: {=IF(NOT(ISNUMBER(ChangeLog[[#This Row],[Orig Row]])),"",IFERROR(IF(INDEX(IF(ChangeLog[[#This Row],[Games]]="SEA Games",'SNOC SEAG'!$C:$C,IF(ChangeLog[[#This Row],[Games]]="Olympic Games",'SNOC OG'!$C:$C,IF(ChangeLog[[#This Row],[Games]]="Commonweatlh Games",'SNOC CW Games'!$C:$C,'SNOC AG'!$C:$C))),ChangeLog[[#This Row],[Orig Row]])="","",INDEX(IF(ChangeLog[[#This Row],[Games]]="SEA Games",'SNOC SEAG'!$C:$C,IF(ChangeLog[[#This Row],[Games]]="Olympic Games",'SNOC OG'!$C:$C,IF(ChangeLog[[#This Row],[Games]]="Commonweatlh Games",'SNOC CW Games'!$C:$C,'SNOC AG'!$C:$C))),ChangeLog[[#This Row],[Orig Row]])),""))} -> Highboard Diving | K36: {=IF(NOT(ISNUMBER(ChangeLog[[#This Row],[Orig Row]])),"",IFERROR(IF(INDEX(IF(ChangeLog[[#This Row],[Games]]="SEA Games",'SNOC SEAG'!$D:$D,IF(ChangeLog[[#This Row],[Games]]="Olympic Games",'SNOC OG'!$D:$D,IF(ChangeLog[[#This Row],[Games]]="Commonweatlh Games",'SNOC CW Games'!$D:$D,'SNOC AG'!$D:$D))),ChangeLog[[#This Row],[Orig Row]])="","",INDEX(IF(ChangeLog[[#This Row],[Games]]="SEA Games",'SNOC SEAG'!$D:$D,IF(ChangeLog[[#This Row],[Games]]="Olympic Games",'SNOC OG'!$D:$D,IF(ChangeLog[[#This Row],[Games]]="Commonweatlh Games",'SNOC CW Games'!$D:$D,'SNOC AG'!$D:$D))),ChangeLog[[#This Row],[Orig Row]])),""))} -> Bronze | L36: =IFERROR(IF(INDEX('Consolidated Games'!$D:$D,MATCH(ChangeLog[[#This Row],[ROW_ID]],'Consolidated Games'!$T:$T,0))="","",INDEX('Consolidated Games'!$D:$D,MATCH(ChangeLog[[#This Row],[ROW_ID]],'Consolidated Games'!$T:$T,0))),"") -> DIVING | M36: =IFERROR(IF(INDEX('Consolidated Games'!$E:$E,MATCH(ChangeLog[[#This Row],[ROW_ID]],'Consolidated Games'!$T:$T,0))="","",INDEX('Consolidated Games'!$E:$E,MATCH(ChangeLog[[#This Row],[ROW_ID]],'Consolidated Games'!$T:$T,0))),"") -> DIVING | N36: {=IF(NOT(ISNUMBER(ChangeLog[[#This Row],[Clean Row]])),"",IFERROR(IF(INDEX('Consolidated Games'!$G:$G,ChangeLog[[#This Row],[Clean Row]])="","",INDEX('Consolidated Games'!$G:$G,ChangeLog[[#This Row],[Clean Row]])),""))} -> 10M PLATFORM | O36: =IFERROR(IF(INDEX('Consolidated Games'!$M:$M,MATCH(ChangeLog[[#This Row],[ROW_ID]],'Consolidated Games'!$T:$T,0))="","",INDEX('Consolidated Games'!$M:$M,MATCH(ChangeLog[[#This Row],[ROW_ID]],'Consolidated Games'!$T:$T,0))),"") -> BRONZE | P36: {=IF(NOT(ISNUMBER(ChangeLog[[#This Row],[Clean Row]])),"",IFERROR(IF(INDEX('Consolidated Games'!$J:$J,ChangeLog[[#This Row],[Clean Row]])="","",INDEX('Consolidated Games'!$J:$J,ChangeLog[[#This Row],[Clean Row]])),""))} -> ALBERT THAM KUM CHUEN | Q36: 493 | R36: =IFERROR(MATCH(T36,'Consolidated Games'!$T:$T,0),"—") -> 1107 | S36: Accept | T36: 1103
A37: 33 | B37: Modified | D37: SEA Games | E37: {=IF(NOT(ISNUMBER(ChangeLog[[#This Row],[Orig Row]])),"",IFERROR(INDEX(IF(ChangeLog[[#This Row],[Games]]="SEA Games",'SNOC SEAG'!$A:$A,IF(ChangeLog[[#This Row],[Games]]="Olympic Games",'SNOC OG'!$A:$A,IF(ChangeLog[[#This Row],[Games]]="Commonweatlh Games",'SNOC CW Games'!$A:$A,'SNOC AG'!$A:$A))),ChangeLog[[#This Row],[Orig Row]]),""))} -> Sally Lim | F37: 1973 | G37: Sport | H37: Changed from Swimming to Diving as Sport | I37: {=IF(NOT(ISNUMBER(ChangeLog[[#This Row],[Orig Row]])),"",IFERROR(IF(INDEX(IF(ChangeLog[[#This Row],[Games]]="SEA Games",'SNOC SEAG'!$B:$B,IF(ChangeLog[[#This Row],[Games]]="Olympic Games",'SNOC OG'!$B:$B,IF(ChangeLog[[#This Row],[Games]]="Commonweatlh Games",'SNOC CW Games'!$B:$B,'SNOC AG'!$B:$B))),ChangeLog[[#This Row],[Orig Row]])="","",INDEX(IF(ChangeLog[[#This Row],[Games]]="SEA Games",'SNOC SEAG'!$B:$B,IF(ChangeLog[[#This Row],[Games]]="Olympic Games",'SNOC OG'!$B:$B,IF(ChangeLog[[#This Row],[Games]]="Commonweatlh Games",'SNOC CW Games'!$B:$B,'SNOC AG'!$B:$B))),ChangeLog[[#This Row],[Orig Row]])),""))} -> Swimming | J37: {=IF(NOT(ISNUMBER(ChangeLog[[#This Row],[Orig Row]])),"",IFERROR(IF(INDEX(IF(ChangeLog[[#This Row],[Games]]="SEA Games",'SNOC SEAG'!$C:$C,IF(ChangeLog[[#This Row],[Games]]="Olympic Games",'SNOC OG'!$C:$C,IF(ChangeLog[[#This Row],[Games]]="Commonweatlh Games",'SNOC CW Games'!$C:$C,'SNOC AG'!$C:$C))),ChangeLog[[#This Row],[Orig Row]])="","",INDEX(IF(ChangeLog[[#This Row],[Games]]="SEA Games",'SNOC SEAG'!$C:$C,IF(ChangeLog[[#This Row],[Games]]="Olympic Games",'SNOC OG'!$C:$C,IF(ChangeLog[[#This Row],[Games]]="Commonweatlh Games",'SNOC CW Games'!$C:$C,'SNOC AG'!$C:$C))),ChangeLog[[#This Row],[Orig Row]])),""))} -> Highboard Diving | K37: {=IF(NOT(ISNUMBER(ChangeLog[[#This Row],[Orig Row]])),"",IFERROR(IF(INDEX(IF(ChangeLog[[#This Row],[Games]]="SEA Games",'SNOC SEAG'!$D:$D,IF(ChangeLog[[#This Row],[Games]]="Olympic Games",'SNOC OG'!$D:$D,IF(ChangeLog[[#This Row],[Games]]="Commonweatlh Games",'SNOC CW Games'!$D:$D,'SNOC AG'!$D:$D))),ChangeLog[[#This Row],[Orig Row]])="","",INDEX(IF(ChangeLog[[#This Row],[Games]]="SEA Games",'SNOC SEAG'!$D:$D,IF(ChangeLog[[#This Row],[Games]]="Olympic Games",'SNOC OG'!$D:$D,IF(ChangeLog[[#This Row],[Games]]="Commonweatlh Games",'SNOC CW Games'!$D:$D,'SNOC AG'!$D:$D))),ChangeLog[[#This Row],[Orig Row]])),""))} -> Bronze | L37: =IFERROR(IF(INDEX('Consolidated Games'!$D:$D,MATCH(ChangeLog[[#This Row],[ROW_ID]],'Consolidated Games'!$T:$T,0))="","",INDEX('Consolidated Games'!$D:$D,MATCH(ChangeLog[[#This Row],[ROW_ID]],'Consolidated Games'!$T:$T,0))),"") -> DIVING | M37: =IFERROR(IF(INDEX('Consolidated Games'!$E:$E,MATCH(ChangeLog[[#This Row],[ROW_ID]],'Consolidated Games'!$T:$T,0))="","",INDEX('Consolidated Games'!$E:$E,MATCH(ChangeLog[[#This Row],[ROW_ID]],'Consolidated Games'!$T:$T,0))),"") -> DIVING | N37: {=IF(NOT(ISNUMBER(ChangeLog[[#This Row],[Clean Row]])),"",IFERROR(IF(INDEX('Consolidated Games'!$G:$G,ChangeLog[[#This Row],[Clean Row]])="","",INDEX('Consolidated Games'!$G:$G,ChangeLog[[#This Row],[Clean Row]])),""))} -> 10M PLATFORM | O37: =IFERROR(IF(INDEX('Consolidated Games'!$M:$M,MATCH(ChangeLog[[#This Row],[ROW_ID]],'Consolidated Games'!$T:$T,0))="","",INDEX('Consolidated Games'!$M:$M,MATCH(ChangeLog[[#This Row],[ROW_ID]],'Consolidated Games'!$T:$T,0))),"") -> BRONZE | P37: {=IF(NOT(ISNUMBER(ChangeLog[[#This Row],[Clean Row]])),"",IFERROR(IF(INDEX('Consolidated Games'!$J:$J,ChangeLog[[#This Row],[Clean Row]])="","",INDEX('Consolidated Games'!$J:$J,ChangeLog[[#This Row],[Clean Row]])),""))} -> SALLY LIM | Q37: 500 | R37: =IFERROR(MATCH(T37,'Consolidated Games'!$T:$T,0),"—") -> 1108 | S37: Accept | T37: 1104
A38: 34 | B38: Modified | D38: SEA Games | E38: {=IF(NOT(ISNUMBER(ChangeLog[[#This Row],[Orig Row]])),"",IFERROR(INDEX(IF(ChangeLog[[#This Row],[Games]]="SEA Games",'SNOC SEAG'!$A:$A,IF(ChangeLog[[#This Row],[Games]]="Olympic Games",'SNOC OG'!$A:$A,IF(ChangeLog[[#This Row],[Games]]="Commonweatlh Games",'SNOC CW Games'!$A:$A,'SNOC AG'!$A:$A))),ChangeLog[[#This Row],[Orig Row]]),""))} -> Eric Yeo Oon Tat_x000D_ Kenneth Kee_x000D_ John Gan Eng Guan_x000D_ Ong Kian Cheng _x000D_ Richard Chew _x000D_ Tan Chin Chye_x000D_ Soh Seng Hoi_x000D_ Roger Yeo Seng Hock_x000D_ Kuan Wai Meng | F38: 1973 | G38: Sport | H38: Changed from Swimming to Water Polo as Sport | I38: {=IF(NOT(ISNUMBER(ChangeLog[[#This Row],[Orig Row]])),"",IFERROR(IF(INDEX(IF(ChangeLog[[#This Row],[Games]]="SEA Games",'SNOC SEAG'!$B:$B,IF(ChangeLog[[#This Row],[Games]]="Olympic Games",'SNOC OG'!$B:$B,IF(ChangeLog[[#This Row],[Games]]="Commonweatlh Games",'SNOC CW Games'!$B:$B,'SNOC AG'!$B:$B))),ChangeLog[[#This Row],[Orig Row]])="","",INDEX(IF(ChangeLog[[#This Row],[Games]]="SEA Games",'SNOC SEAG'!$B:$B,IF(ChangeLog[[#This Row],[Games]]="Olympic Games",'SNOC OG'!$B:$B,IF(ChangeLog[[#This Row],[Games]]="Commonweatlh Games",'SNOC CW Games'!$B:$B,'SNOC AG'!$B:$B))),ChangeLog[[#This Row],[Orig Row]])),""))} -> Swimming | J38: {=IF(NOT(ISNUMBER(ChangeLog[[#This Row],[Orig Row]])),"",IFERROR(IF(INDEX(IF(ChangeLog[[#This Row],[Games]]="SEA Games",'SNOC SEAG'!$C:$C,IF(ChangeLog[[#This Row],[Games]]="Olympic Games",'SNOC OG'!$C:$C,IF(ChangeLog[[#This Row],[Games]]="Commonweatlh Games",'SNOC CW Games'!$C:$C,'SNOC AG'!$C:$C))),ChangeLog[[#This Row],[Orig Row]])="","",INDEX(IF(ChangeLog[[#This Row],[Games]]="SEA Games",'SNOC SEAG'!$C:$C,IF(ChangeLog[[#This Row],[Games]]="Olympic Games",'SNOC OG'!$C:$C,IF(ChangeLog[[#This Row],[Games]]="Commonweatlh Games",'SNOC CW Games'!$C:$C,'SNOC AG'!$C:$C))),ChangeLog[[#This Row],[Orig Row]])),""))} -> Waterpolo | K38: {=IF(NOT(ISNUMBER(ChangeLog[[#This Row],[Orig Row]])),"",IFERROR(IF(INDEX(IF(ChangeLog[[#This Row],[Games]]="SEA Games",'SNOC SEAG'!$D:$D,IF(ChangeLog[[#This Row],[Games]]="Olympic Games",'SNOC OG'!$D:$D,IF(ChangeLog[[#This Row],[Games]]="Commonweatlh Games",'SNOC CW Games'!$D:$D,'SNOC AG'!$D:$D))),ChangeLog[[#This Row],[Orig Row]])="","",INDEX(IF(ChangeLog[[#This Row],[Games]]="SEA Games",'SNOC SEAG'!$D:$D,IF(ChangeLog[[#This Row],[Games]]="Olympic Games",'SNOC OG'!$D:$D,IF(ChangeLog[[#This Row],[Games]]="Commonweatlh Games",'SNOC CW Games'!$D:$D,'SNOC AG'!$D:$D))),ChangeLog[[#This Row],[Orig Row]])),""))} -> Gold | L38: =IFERROR(IF(INDEX('Consolidated Games'!$D:$D,MATCH(ChangeLog[[#This Row],[ROW_ID]],'Consolidated Games'!$T:$T,0))="","",INDEX('Consolidated Games'!$D:$D,MATCH(ChangeLog[[#This Row],[ROW_ID]],'Consolidated Games'!$T:$T,0))),"") -> WATER POLO | M38: =IFERROR(IF(INDEX('Consolidated Games'!$E:$E,MATCH(ChangeLog[[#This Row],[ROW_ID]],'Consolidated Games'!$T:$T,0))="","",INDEX('Consolidated Games'!$E:$E,MATCH(ChangeLog[[#This Row],[ROW_ID]],'Consolidated Games'!$T:$T,0))),"") -> WATER POLO | N38: {=IF(NOT(ISNUMBER(ChangeLog[[#This Row],[Clean Row]])),"",IFERROR(IF(INDEX('Consolidated Games'!$G:$G,ChangeLog[[#This Row],[Clean Row]])="","",INDEX('Consolidated Games'!$G:$G,ChangeLog[[#This Row],[Clean Row]])),""))} -> TEAM | O38: =IFERROR(IF(INDEX('Consolidated Games'!$M:$M,MATCH(ChangeLog[[#This Row],[ROW_ID]],'Consolidated Games'!$T:$T,0))="","",INDEX('Consolidated Games'!$M:$M,MATCH(ChangeLog[[#This Row],[ROW_ID]],'Consolidated Games'!$T:$T,0))),"") -> GOLD | P38: {=IF(NOT(ISNUMBER(ChangeLog[[#This Row],[Clean Row]])),"",IFERROR(IF(INDEX('Consolidated Games'!$J:$J,ChangeLog[[#This Row],[Clean Row]])="","",INDEX('Consolidated Games'!$J:$J,ChangeLog[[#This Row],[Clean Row]])),""))} -> ERIC YEO OON TAT_x000D_ KENNETH KEE_x000D_ JOHN GAN ENG GUAN_x000D_ ONG KIAN CHENG _x000D_ RICHARD CHEW _x000D_ TAN CHIN CHYE_x000D_ SOH SENG HOI_x000D_ ROGER YEO SENG HOCK_x000D_ KUAN WAI MENG | Q38: 505 | R38: =IFERROR(MATCH(T38,'Consolidated Games'!$T:$T,0),"—") -> 1109 | S38: Accept | T38: 1105
A39: 35 | B39: Modified | D39: SEA Games | E39: {=IF(NOT(ISNUMBER(ChangeLog[[#This Row],[Orig Row]])),"",IFERROR(INDEX(IF(ChangeLog[[#This Row],[Games]]="SEA Games",'SNOC SEAG'!$A:$A,IF(ChangeLog[[#This Row],[Games]]="Olympic Games",'SNOC OG'!$A:$A,IF(ChangeLog[[#This Row],[Games]]="Commonweatlh Games",'SNOC CW Games'!$A:$A,'SNOC AG'!$A:$A))),ChangeLog[[#This Row],[Orig Row]]),""))} -> Sally Lim Kwan Gui | F39: 1973 | G39: Sport | H39: Changed from Swimming to Diving as Sport | I39: {=IF(NOT(ISNUMBER(ChangeLog[[#This Row],[Orig Row]])),"",IFERROR(IF(INDEX(IF(ChangeLog[[#This Row],[Games]]="SEA Games",'SNOC SEAG'!$B:$B,IF(ChangeLog[[#This Row],[Games]]="Olympic Games",'SNOC OG'!$B:$B,IF(ChangeLog[[#This Row],[Games]]="Commonweatlh Games",'SNOC CW Games'!$B:$B,'SNOC AG'!$B:$B))),ChangeLog[[#This Row],[Orig Row]])="","",INDEX(IF(ChangeLog[[#This Row],[Games]]="SEA Games",'SNOC SEAG'!$B:$B,IF(ChangeLog[[#This Row],[Games]]="Olympic Games",'SNOC OG'!$B:$B,IF(ChangeLog[[#This Row],[Games]]="Commonweatlh Games",'SNOC CW Games'!$B:$B,'SNOC AG'!$B:$B))),ChangeLog[[#This Row],[Orig Row]])),""))} -> Swimming | J39: {=IF(NOT(ISNUMBER(ChangeLog[[#This Row],[Orig Row]])),"",IFERROR(IF(INDEX(IF(ChangeLog[[#This Row],[Games]]="SEA Games",'SNOC SEAG'!$C:$C,IF(ChangeLog[[#This Row],[Games]]="Olympic Games",'SNOC OG'!$C:$C,IF(ChangeLog[[#This Row],[Games]]="Commonweatlh Games",'SNOC CW Games'!$C:$C,'SNOC AG'!$C:$C))),ChangeLog[[#This Row],[Orig Row]])="","",INDEX(IF(ChangeLog[[#This Row],[Games]]="SEA Games",'SNOC SEAG'!$C:$C,IF(ChangeLog[[#This Row],[Games]]="Olympic Games",'SNOC OG'!$C:$C,IF(ChangeLog[[#This Row],[Games]]="Commonweatlh Games",'SNOC CW Games'!$C:$C,'SNOC AG'!$C:$C))),ChangeLog[[#This Row],[Orig Row]])),""))} -> Springboard Diving (3m) | K39: {=IF(NOT(ISNUMBER(ChangeLog[[#This Row],[Orig Row]])),"",IFERROR(IF(INDEX(IF(ChangeLog[[#This Row],[Games]]="SEA Games",'SNOC SEAG'!$D:$D,IF(ChangeLog[[#This Row],[Games]]="Olympic Games",'SNOC OG'!$D:$D,IF(ChangeLog[[#This Row],[Games]]="Commonweatlh Games",'SNOC CW Games'!$D:$D,'SNOC AG'!$D:$D))),ChangeLog[[#This Row],[Orig Row]])="","",INDEX(IF(ChangeLog[[#This Row],[Games]]="SEA Games",'SNOC SEAG'!$D:$D,IF(ChangeLog[[#This Row],[Games]]="Olympic Games",'SNOC OG'!$D:$D,IF(ChangeLog[[#This Row],[Games]]="Commonweatlh Games",'SNOC CW Games'!$D:$D,'SNOC AG'!$D:$D))),ChangeLog[[#This Row],[Orig Row]])),""))} -> Gold | L39: =IFERROR(IF(INDEX('Consolidated Games'!$D:$D,MATCH(ChangeLog[[#This Row],[ROW_ID]],'Consolidated Games'!$T:$T,0))="","",INDEX('Consolidated Games'!$D:$D,MATCH(ChangeLog[[#This Row],[ROW_ID]],'Consolidated Games'!$T:$T,0))),"") -> DIVING | M39: =IFERROR(IF(INDEX('Consolidated Games'!$E:$E,MATCH(ChangeLog[[#This Row],[ROW_ID]],'Consolidated Games'!$T:$T,0))="","",INDEX('Consolidated Games'!$E:$E,MATCH(ChangeLog[[#This Row],[ROW_ID]],'Consolidated Games'!$T:$T,0))),"") -> DIVING | N39: {=IF(NOT(ISNUMBER(ChangeLog[[#This Row],[Clean Row]])),"",IFERROR(IF(INDEX('Consolidated Games'!$G:$G,ChangeLog[[#This Row],[Clean Row]])="","",INDEX('Consolidated Games'!$G:$G,ChangeLog[[#This Row],[Clean Row]])),""))} -> 3M SPRINGBOARD | O39: =IFERROR(IF(INDEX('Consolidated Games'!$M:$M,MATCH(ChangeLog[[#This Row],[ROW_ID]],'Consolidated Games'!$T:$T,0))="","",INDEX('Consolidated Games'!$M:$M,MATCH(ChangeLog[[#This Row],[ROW_ID]],'Consolidated Games'!$T:$T,0))),"") -> GOLD | P39: {=IF(NOT(ISNUMBER(ChangeLog[[#This Row],[Clean Row]])),"",IFERROR(IF(INDEX('Consolidated Games'!$J:$J,ChangeLog[[#This Row],[Clean Row]])="","",INDEX('Consolidated Games'!$J:$J,ChangeLog[[#This Row],[Clean Row]])),""))} -> SALLY LIM KWAN GUI | Q39: 521 | R39: =IFERROR(MATCH(T39,'Consolidated Games'!$T:$T,0),"—") -> 1110 | S39: Accept | T39: 1106
A40: 36 | B40: Modified | D40: SEA Games | E40: {=IF(NOT(ISNUMBER(ChangeLog[[#This Row],[Orig Row]])),"",IFERROR(INDEX(IF(ChangeLog[[#This Row],[Games]]="SEA Games",'SNOC SEAG'!$A:$A,IF(ChangeLog[[#This Row],[Games]]="Olympic Games",'SNOC OG'!$A:$A,IF(ChangeLog[[#This Row],[Games]]="Commonweatlh Games",'SNOC CW Games'!$A:$A,'SNOC AG'!$A:$A))),ChangeLog[[#This Row],[Orig Row]]),""))} -> Nora Tay Chin Hong | F40: 1973 | G40: Sport | H40: Changed from Swimming to Diving as Sport | I40: {=IF(NOT(ISNUMBER(ChangeLog[[#This Row],[Orig Row]])),"",IFERROR(IF(INDEX(IF(ChangeLog[[#This Row],[Games]]="SEA Games",'SNOC SEAG'!$B:$B,IF(ChangeLog[[#This Row],[Games]]="Olympic Games",'SNOC OG'!$B:$B,IF(ChangeLog[[#This Row],[Games]]="Commonweatlh Games",'SNOC CW Games'!$B:$B,'SNOC AG'!$B:$B))),ChangeLog[[#This Row],[Orig Row]])="","",INDEX(IF(ChangeLog[[#This Row],[Games]]="SEA Games",'SNOC SEAG'!$B:$B,IF(ChangeLog[[#This Row],[Games]]="Olympic Games",'SNOC OG'!$B:$B,IF(ChangeLog[[#This Row],[Games]]="Commonweatlh Games",'SNOC CW Games'!$B:$B,'SNOC AG'!$B:$B))),ChangeLog[[#This Row],[Orig Row]])),""))} -> Swimming | J40: {=IF(NOT(ISNUMBER(ChangeLog[[#This Row],[Orig Row]])),"",IFERROR(IF(INDEX(IF(ChangeLog[[#This Row],[Games]]="SEA Games",'SNOC SEAG'!$C:$C,IF(ChangeLog[[#This Row],[Games]]="Olympic Games",'SNOC OG'!$C:$C,IF(ChangeLog[[#This Row],[Games]]="Commonweatlh Games",'SNOC CW Games'!$C:$C,'SNOC AG'!$C:$C))),ChangeLog[[#This Row],[Orig Row]])="","",INDEX(IF(ChangeLog[[#This Row],[Games]]="SEA Games",'SNOC SEAG'!$C:$C,IF(ChangeLog[[#This Row],[Games]]="Olympic Games",'SNOC OG'!$C:$C,IF(ChangeLog[[#This Row],[Games]]="Commonweatlh Games",'SNOC CW Games'!$C:$C,'SNOC AG'!$C:$C))),ChangeLog[[#This Row],[Orig Row]])),""))} -> Springboard Diving | K40: {=IF(NOT(ISNUMBER(ChangeLog[[#This Row],[Orig Row]])),"",IFERROR(IF(INDEX(IF(ChangeLog[[#This Row],[Games]]="SEA Games",'SNOC SEAG'!$D:$D,IF(ChangeLog[[#This Row],[Games]]="Olympic Games",'SNOC OG'!$D:$D,IF(ChangeLog[[#This Row],[Games]]="Commonweatlh Games",'SNOC CW Games'!$D:$D,'SNOC AG'!$D:$D))),ChangeLog[[#This Row],[Orig Row]])="","",INDEX(IF(ChangeLog[[#This Row],[Games]]="SEA Games",'SNOC SEAG'!$D:$D,IF(ChangeLog[[#This Row],[Games]]="Olympic Games",'SNOC OG'!$D:$D,IF(ChangeLog[[#This Row],[Games]]="Commonweatlh Games",'SNOC CW Games'!$D:$D,'SNOC AG'!$D:$D))),ChangeLog[[#This Row],[Orig Row]])),""))} -> Silver | L40: =IFERROR(IF(INDEX('Consolidated Games'!$D:$D,MATCH(ChangeLog[[#This Row],[ROW_ID]],'Consolidated Games'!$T:$T,0))="","",INDEX('Consolidated Games'!$D:$D,MATCH(ChangeLog[[#This Row],[ROW_ID]],'Consolidated Games'!$T:$T,0))),"") -> DIVING | M40: =IFERROR(IF(INDEX('Consolidated Games'!$E:$E,MATCH(ChangeLog[[#This Row],[ROW_ID]],'Consolidated Games'!$T:$T,0))="","",INDEX('Consolidated Games'!$E:$E,MATCH(ChangeLog[[#This Row],[ROW_ID]],'Consolidated Games'!$T:$T,0))),"") -> DIVING | N40: {=IF(NOT(ISNUMBER(ChangeLog[[#This Row],[Clean Row]])),"",IFERROR(IF(INDEX('Consolidated Games'!$G:$G,ChangeLog[[#This Row],[Clean Row]])="","",INDEX('Consolidated Games'!$G:$G,ChangeLog[[#This Row],[Clean Row]])),""))} -> 3M SPRINGBOARD | O40: =IFERROR(IF(INDEX('Consolidated Games'!$M:$M,MATCH(ChangeLog[[#This Row],[ROW_ID]],'Consolidated Games'!$T:$T,0))="","",INDEX('Consolidated Games'!$M:$M,MATCH(ChangeLog[[#This Row],[ROW_ID]],'Consolidated Games'!$T:$T,0))),"") -> SILVER | P40: {=IF(NOT(ISNUMBER(ChangeLog[[#This Row],[Clean Row]])),"",IFERROR(IF(INDEX('Consolidated Games'!$J:$J,ChangeLog[[#This Row],[Clean Row]])="","",INDEX('Consolidated Games'!$J:$J,ChangeLog[[#This Row],[Clean Row]])),""))} -> NORA TAY CHIN HONG | Q40: 539 | R40: =IFERROR(MATCH(T40,'Consolidated Games'!$T:$T,0),"—") -> 1111 | S40: Accept | T40: 1107
A41: 37 | B41: Modified | D41: SEA Games | E41: {=IF(NOT(ISNUMBER(ChangeLog[[#This Row],[Orig Row]])),"",IFERROR(INDEX(IF(ChangeLog[[#This Row],[Games]]="SEA Games",'SNOC SEAG'!$A:$A,IF(ChangeLog[[#This Row],[Games]]="Olympic Games",'SNOC OG'!$A:$A,IF(ChangeLog[[#This Row],[Games]]="Commonweatlh Games",'SNOC CW Games'!$A:$A,'SNOC AG'!$A:$A))),ChangeLog[[#This Row],[Orig Row]]),""))} -> Jimmy Chua Gim Guan_x000D_ Lock Hong Kit | F41: 1973 | G41: Sport | H41: Yachting changed to Sailing | I41: {=IF(NOT(ISNUMBER(ChangeLog[[#This Row],[Orig Row]])),"",IFERROR(IF(INDEX(IF(ChangeLog[[#This Row],[Games]]="SEA Games",'SNOC SEAG'!$B:$B,IF(ChangeLog[[#This Row],[Games]]="Olympic Games",'SNOC OG'!$B:$B,IF(ChangeLog[[#This Row],[Games]]="Commonweatlh Games",'SNOC CW Games'!$B:$B,'SNOC AG'!$B:$B))),ChangeLog[[#This Row],[Orig Row]])="","",INDEX(IF(ChangeLog[[#This Row],[Games]]="SEA Games",'SNOC SEAG'!$B:$B,IF(ChangeLog[[#This Row],[Games]]="Olympic Games",'SNOC OG'!$B:$B,IF(ChangeLog[[#This Row],[Games]]="Commonweatlh Games",'SNOC CW Games'!$B:$B,'SNOC AG'!$B:$B))),ChangeLog[[#This Row],[Orig Row]])),""))} -> Yachting | J41: {=IF(NOT(ISNUMBER(ChangeLog[[#This Row],[Orig Row]])),"",IFERROR(IF(INDEX(IF(ChangeLog[[#This Row],[Games]]="SEA Games",'SNOC SEAG'!$C:$C,IF(ChangeLog[[#This Row],[Games]]="Olympic Games",'SNOC OG'!$C:$C,IF(ChangeLog[[#This Row],[Games]]="Commonweatlh Games",'SNOC CW Games'!$C:$C,'SNOC AG'!$C:$C))),ChangeLog[[#This Row],[Orig Row]])="","",INDEX(IF(ChangeLog[[#This Row],[Games]]="SEA Games",'SNOC SEAG'!$C:$C,IF(ChangeLog[[#This Row],[Games]]="Olympic Games",'SNOC OG'!$C:$C,IF(ChangeLog[[#This Row],[Games]]="Commonweatlh Games",'SNOC CW Games'!$C:$C,'SNOC AG'!$C:$C))),ChangeLog[[#This Row],[Orig Row]])),""))} -> International 470 | K41: {=IF(NOT(ISNUMBER(ChangeLog[[#This Row],[Orig Row]])),"",IFERROR(IF(INDEX(IF(ChangeLog[[#This Row],[Games]]="SEA Games",'SNOC SEAG'!$D:$D,IF(ChangeLog[[#This Row],[Games]]="Olympic Games",'SNOC OG'!$D:$D,IF(ChangeLog[[#This Row],[Games]]="Commonweatlh Games",'SNOC CW Games'!$D:$D,'SNOC AG'!$D:$D))),ChangeLog[[#This Row],[Orig Row]])="","",INDEX(IF(ChangeLog[[#This Row],[Games]]="SEA Games",'SNOC SEAG'!$D:$D,IF(ChangeLog[[#This Row],[Games]]="Olympic Games",'SNOC OG'!$D:$D,IF(ChangeLog[[#This Row],[Games]]="Commonweatlh Games",'SNOC CW Games'!$D:$D,'SNOC AG'!$D:$D))),ChangeLog[[#This Row],[Orig Row]])),""))} -> Gold | L41: =IFERROR(IF(INDEX('Consolidated Games'!$D:$D,MATCH(ChangeLog[[#This Row],[ROW_ID]],'Consolidated Games'!$T:$T,0))="","",INDEX('Consolidated Games'!$D:$D,MATCH(ChangeLog[[#This Row],[ROW_ID]],'Consolidated Games'!$T:$T,0))),"") -> SAILING | M41: =IFERROR(IF(INDEX('Consolidated Games'!$E:$E,MATCH(ChangeLog[[#This Row],[ROW_ID]],'Consolidated Games'!$T:$T,0))="","",INDEX('Consolidated Games'!$E:$E,MATCH(ChangeLog[[#This Row],[ROW_ID]],'Consolidated Games'!$T:$T,0))),"") -> SAILING | N41: {=IF(NOT(ISNUMBER(ChangeLog[[#This Row],[Clean Row]])),"",IFERROR(IF(INDEX('Consolidated Games'!$G:$G,ChangeLog[[#This Row],[Clean Row]])="","",INDEX('Consolidated Games'!$G:$G,ChangeLog[[#This Row],[Clean Row]])),""))} -> 470 | O41: =IFERROR(IF(INDEX('Consolidated Games'!$M:$M,MATCH(ChangeLog[[#This Row],[ROW_ID]],'Consolidated Games'!$T:$T,0))="","",INDEX('Consolidated Games'!$M:$M,MATCH(ChangeLog[[#This Row],[ROW_ID]],'Consolidated Games'!$T:$T,0))),"") -> GOLD | P41: {=IF(NOT(ISNUMBER(ChangeLog[[#This Row],[Clean Row]])),"",IFERROR(IF(INDEX('Consolidated Games'!$J:$J,ChangeLog[[#This Row],[Clean Row]])="","",INDEX('Consolidated Games'!$J:$J,ChangeLog[[#This Row],[Clean Row]])),""))} -> JIMMY CHUA GIM GUAN_x000D_ LOCK HONG KIT | Q41: 551 | R41: =IFERROR(MATCH(T41,'Consolidated Games'!$T:$T,0),"—") -> 1210 | S41: Accept | T41: 1206
... A44: 40 | B44: Modified | D44: SEA Games | E44: {=IF(NOT(ISNUMBER(ChangeLog[[#This Row],[Orig Row]])),"",IFERROR(INDEX(IF(ChangeLog[[#This Row],[Games]]="SEA Games",'SNOC SEAG'!$A:$A,IF(ChangeLog[[#This Row],[Games]]="Olympic Games",'SNOC OG'!$A:$A,IF(ChangeLog[[#This Row],[Games]]="Commonweatlh Games",'SNOC CW Games'!$A:$A,'SNOC AG'!$A:$A))),ChangeLog[[#This Row],[Orig Row]]),""))} -> Yeo Ngak Hoe | F44: 1973 | G44: Sport | H44: Yachting changed to Sailing | I44: {=IF(NOT(ISNUMBER(ChangeLog[[#This Row],[Orig Row]])),"",IFERROR(IF(INDEX(IF(ChangeLog[[#This Row],[Games]]="SEA Games",'SNOC SEAG'!$B:$B,IF(ChangeLog[[#This Row],[Games]]="Olympic Games",'SNOC OG'!$B:$B,IF(ChangeLog[[#This Row],[Games]]="Commonweatlh Games",'SNOC CW Games'!$B:$B,'SNOC AG'!$B:$B))),ChangeLog[[#This Row],[Orig Row]])="","",INDEX(IF(ChangeLog[[#This Row],[Games]]="SEA Games",'SNOC SEAG'!$B:$B,IF(ChangeLog[[#This Row],[Games]]="Olympic Games",'SNOC OG'!$B:$B,IF(ChangeLog[[#This Row],[Games]]="Commonweatlh Games",'SNOC CW Games'!$B:$B,'SNOC AG'!$B:$B))),ChangeLog[[#This Row],[Orig Row]])),""))} -> Yachting | J44: {=IF(NOT(ISNUMBER(ChangeLog[[#This Row],[Orig Row]])),"",IFERROR(IF(INDEX(IF(ChangeLog[[#This Row],[Games]]="SEA Games",'SNOC SEAG'!$C:$C,IF(ChangeLog[[#This Row],[Games]]="Olympic Games",'SNOC OG'!$C:$C,IF(ChangeLog[[#This Row],[Games]]="Commonweatlh Games",'SNOC CW Games'!$C:$C,'SNOC AG'!$C:$C))),ChangeLog[[#This Row],[Orig Row]])="","",INDEX(IF(ChangeLog[[#This Row],[Games]]="SEA Games",'SNOC SEAG'!$C:$C,IF(ChangeLog[[#This Row],[Games]]="Olympic Games",'SNOC OG'!$C:$C,IF(ChangeLog[[#This Row],[Games]]="Commonweatlh Games",'SNOC CW Games'!$C:$C,'SNOC AG'!$C:$C))),ChangeLog[[#This Row],[Orig Row]])),""))} -> O. K. Dinghy | K44: {=IF(NOT(ISNUMBER(ChangeLog[[#This Row],[Orig Row]])),"",IFERROR(IF(INDEX(IF(ChangeLog[[#This Row],[Games]]="SEA Games",'SNOC SEAG'!$D:$D,IF(ChangeLog[[#This Row],[Games]]="Olympic Games",'SNOC OG'!$D:$D,IF(ChangeLog[[#This Row],[Games]]="Commonweatlh Games",'SNOC CW Games'!$D:$D,'SNOC AG'!$D:$D))),ChangeLog[[#This Row],[Orig Row]])="","",INDEX(IF(ChangeLog[[#This Row],[Games]]="SEA Games",'SNOC SEAG'!$D:$D,IF(ChangeLog[[#This Row],[Games]]="Olympic Games",'SNOC OG'!$D:$D,IF(ChangeLog[[#This Row],[Games]]="Commonweatlh Games",'SNOC CW Games'!$D:$D,'SNOC AG'!$D:$D))),ChangeLog[[#This Row],[Orig Row]])),""))} -> Silver | L44: =IFERROR(IF(INDEX('Consolidated Games'!$D:$D,MATCH(ChangeLog[[#This Row],[ROW_ID]],'Consolidated Games'!$T:$T,0))="","",INDEX('Consolidated Games'!$D:$D,MATCH(ChangeLog[[#This Row],[ROW_ID]],'Consolidated Games'!$T:$T,0))),"") -> SAILING | M44: =IFERROR(IF(INDEX('Consolidated Games'!$E:$E,MATCH(ChangeLog[[#This Row],[ROW_ID]],'Consolidated Games'!$T:$T,0))="","",INDEX('Consolidated Games'!$E:$E,MATCH(ChangeLog[[#This Row],[ROW_ID]],'Consolidated Games'!$T:$T,0))),"") -> SAILING | N44: {=IF(NOT(ISNUMBER(ChangeLog[[#This Row],[Clean Row]])),"",IFERROR(IF(INDEX('Consolidated Games'!$G:$G,ChangeLog[[#This Row],[Clean Row]])="","",INDEX('Consolidated Games'!$G:$G,ChangeLog[[#This Row],[Clean Row]])),""))} -> OK | O44: =IFERROR(IF(INDEX('Consolidated Games'!$M:$M,MATCH(ChangeLog[[#This Row],[ROW_ID]],'Consolidated Games'!$T:$T,0))="","",INDEX('Consolidated Games'!$M:$M,MATCH(ChangeLog[[#This Row],[ROW_ID]],'Consolidated Games'!$T:$T,0))),"") -> SILVER | P44: {=IF(NOT(ISNUMBER(ChangeLog[[#This Row],[Clean Row]])),"",IFERROR(IF(INDEX('Consolidated Games'!$J:$J,ChangeLog[[#This Row],[Clean Row]])="","",INDEX('Consolidated Games'!$J:$J,ChangeLog[[#This Row],[Clean Row]])),""))} -> YEO NGAK HOE | Q44: 554 | R44: =IFERROR(MATCH(T44,'Consolidated Games'!$T:$T,0),"—") -> 1213 | S44: Accept | T44: 1209
A45: 41 | B45: Modified | C45: Y | D45: SEA Games | E45: {=IF(NOT(ISNUMBER(ChangeLog[[#This Row],[Orig Row]])),"",IFERROR(INDEX(IF(ChangeLog[[#This Row],[Games]]="SEA Games",'SNOC SEAG'!$A:$A,IF(ChangeLog[[#This Row],[Games]]="Olympic Games",'SNOC OG'!$A:$A,IF(ChangeLog[[#This Row],[Games]]="Commonweatlh Games",'SNOC CW Games'!$A:$A,'SNOC AG'!$A:$A))),ChangeLog[[#This Row],[Orig Row]]),""))} -> David Hoe | F45: 1973 | G45: Medal | H45: David Hoe with NA medal. Richard's dataset has extra bronze. Found from Wiki David won bronze with timing aligned, might want to verify source. Microfiche shows David did not win 3rd https://eresources.nlb.gov.sg/newspapers/digitised/article/straitstimes19730906-1.2.147 | I45: {=IF(NOT(ISNUMBER(ChangeLog[[#This Row],[Orig Row]])),"",IFERROR(IF(INDEX(IF(ChangeLog[[#This Row],[Games]]="SEA Games",'SNOC SEAG'!$B:$B,IF(ChangeLog[[#This Row],[Games]]="Olympic Games",'SNOC OG'!$B:$B,IF(ChangeLog[[#This Row],[Games]]="Commonweatlh Games",'SNOC CW Games'!$B:$B,'SNOC AG'!$B:$B))),ChangeLog[[#This Row],[Orig Row]])="","",INDEX(IF(ChangeLog[[#This Row],[Games]]="SEA Games",'SNOC SEAG'!$B:$B,IF(ChangeLog[[#This Row],[Games]]="Olympic Games",'SNOC OG'!$B:$B,IF(ChangeLog[[#This Row],[Games]]="Commonweatlh Games",'SNOC CW Games'!$B:$B,'SNOC AG'!$B:$B))),ChangeLog[[#This Row],[Orig Row]])),""))} -> Swimming | J45: {=IF(NOT(ISNUMBER(ChangeLog[[#This Row],[Orig Row]])),"",IFERROR(IF(INDEX(IF(ChangeLog[[#This Row],[Games]]="SEA Games",'SNOC SEAG'!$C:$C,IF(ChangeLog[[#This Row],[Games]]="Olympic Games",'SNOC OG'!$C:$C,IF(ChangeLog[[#This Row],[Games]]="Commonweatlh Games",'SNOC CW Games'!$C:$C,'SNOC AG'!$C:$C))),ChangeLog[[#This Row],[Orig Row]])="","",INDEX(IF(ChangeLog[[#This Row],[Games]]="SEA Games",'SNOC SEAG'!$C:$C,IF(ChangeLog[[#This Row],[Games]]="Olympic Games",'SNOC OG'!$C:$C,IF(ChangeLog[[#This Row],[Games]]="Commonweatlh Games",'SNOC CW Games'!$C:$C,'SNOC AG'!$C:$C))),ChangeLog[[#This Row],[Orig Row]])),""))} -> 200m Backstroke | K45: {=IF(NOT(ISNUMBER(ChangeLog[[#This Row],[Orig Row]])),"",IFERROR(IF(INDEX(IF(ChangeLog[[#This Row],[Games]]="SEA Games",'SNOC SEAG'!$D:$D,IF(ChangeLog[[#This Row],[Games]]="Olympic Games",'SNOC OG'!$D:$D,IF(ChangeLog[[#This Row],[Games]]="Commonweatlh Games",'SNOC CW Games'!$D:$D,'SNOC AG'!$D:$D))),ChangeLog[[#This Row],[Orig Row]])="","",INDEX(IF(ChangeLog[[#This Row],[Games]]="SEA Games",'SNOC SEAG'!$D:$D,IF(ChangeLog[[#This Row],[Games]]="Olympic Games",'SNOC OG'!$D:$D,IF(ChangeLog[[#This Row],[Games]]="Commonweatlh Games",'SNOC CW Games'!$D:$D,'SNOC AG'!$D:$D))),ChangeLog[[#This Row],[Orig Row]])),""))} | L45: =IFERROR(IF(INDEX('Consolidated Games'!$D:$D,MATCH(ChangeLog[[#This Row],[ROW_ID]],'Consolidated Games'!$T:$T,0))="","",INDEX('Consolidated Games'!$D:$D,MATCH(ChangeLog[[#This Row],[ROW_ID]],'Consolidated Games'!$T:$T,0))),"") -> SWIMMING | M45: =IFERROR(IF(INDEX('Consolidated Games'!$E:$E,MATCH(ChangeLog[[#This Row],[ROW_ID]],'Consolidated Games'!$T:$T,0))="","",INDEX('Consolidated Games'!$E:$E,MATCH(ChangeLog[[#This Row],[ROW_ID]],'Consolidated Games'!$T:$T,0))),"") -> SWIMMING | N45: {=IF(NOT(ISNUMBER(ChangeLog[[#This Row],[Clean Row]])),"",IFERROR(IF(INDEX('Consolidated Games'!$G:$G,ChangeLog[[#This Row],[Clean Row]])="","",INDEX('Consolidated Games'!$G:$G,ChangeLog[[#This Row],[Clean Row]])),""))} -> 100M BACKSTROKE | O45: =IFERROR(IF(INDEX('Consolidated Games'!$M:$M,MATCH(ChangeLog[[#This Row],[ROW_ID]],'Consolidated Games'!$T:$T,0))="","",INDEX('Consolidated Games'!$M:$M,MATCH(ChangeLog[[#This Row],[ROW_ID]],'Consolidated Games'!$T:$T,0))),"") -> SILVER | P45: {=IF(NOT(ISNUMBER(ChangeLog[[#This Row],[Clean Row]])),"",IFERROR(IF(INDEX('Consolidated Games'!$J:$J,ChangeLog[[#This Row],[Clean Row]])="","",INDEX('Consolidated Games'!$J:$J,ChangeLog[[#This Row],[Clean Row]])),""))} -> DAVID HOE | Q45: 540 | R45: =IFERROR(MATCH(T45,'Consolidated Games'!$T:$T,0),"—") -> 1112 | S45: Reject | T45: 1108
A46: 42 | B46: Modified | D46: SEA Games | E46: {=IF(NOT(ISNUMBER(ChangeLog[[#This Row],[Orig Row]])),"",IFERROR(INDEX(IF(ChangeLog[[#This Row],[Games]]="SEA Games",'SNOC SEAG'!$A:$A,IF(ChangeLog[[#This Row],[Games]]="Olympic Games",'SNOC OG'!$A:$A,IF(ChangeLog[[#This Row],[Games]]="Commonweatlh Games",'SNOC CW Games'!$A:$A,'SNOC AG'!$A:$A))),ChangeLog[[#This Row],[Orig Row]]),""))} -> Khong Yiu Ln | F46: 1973 | G46: Medallist | H46: Typo in athlete name | I46: {=IF(NOT(ISNUMBER(ChangeLog[[#This Row],[Orig Row]])),"",IFERROR(IF(INDEX(IF(ChangeLog[[#This Row],[Games]]="SEA Games",'SNOC SEAG'!$B:$B,IF(ChangeLog[[#This Row],[Games]]="Olympic Games",'SNOC OG'!$B:$B,IF(ChangeLog[[#This Row],[Games]]="Commonweatlh Games",'SNOC CW Games'!$B:$B,'SNOC AG'!$B:$B))),ChangeLog[[#This Row],[Orig Row]])="","",INDEX(IF(ChangeLog[[#This Row],[Games]]="SEA Games",'SNOC SEAG'!$B:$B,IF(ChangeLog[[#This Row],[Games]]="Olympic Games",'SNOC OG'!$B:$B,IF(ChangeLog[[#This Row],[Games]]="Commonweatlh Games",'SNOC CW Games'!$B:$B,'SNOC AG'!$B:$B))),ChangeLog[[#This Row],[Orig Row]])),""))} -> Swimming | J46: {=IF(NOT(ISNUMBER(ChangeLog[[#This Row],[Orig Row]])),"",IFERROR(IF(INDEX(IF(ChangeLog[[#This Row],[Games]]="SEA Games",'SNOC SEAG'!$C:$C,IF(ChangeLog[[#This Row],[Games]]="Olympic Games",'SNOC OG'!$C:$C,IF(ChangeLog[[#This Row],[Games]]="Commonweatlh Games",'SNOC CW Games'!$C:$C,'SNOC AG'!$C:$C))),ChangeLog[[#This Row],[Orig Row]])="","",INDEX(IF(ChangeLog[[#This Row],[Games]]="SEA Games",'SNOC SEAG'!$C:$C,IF(ChangeLog[[#This Row],[Games]]="Olympic Games",'SNOC OG'!$C:$C,IF(ChangeLog[[#This Row],[Games]]="Commonweatlh Games",'SNOC CW Games'!$C:$C,'SNOC AG'!$C:$C))),ChangeLog[[#This Row],[Orig Row]])),""))} -> 100m Breaststroke | K46: {=IF(NOT(ISNUMBER(ChangeLog[[#This Row],[Orig Row]])),"",IFERROR(IF(INDEX(IF(ChangeLog[[#This Row],[Games]]="SEA Games",'SNOC SEAG'!$D:$D,IF(ChangeLog[[#This Row],[Games]]="Olympic Games",'SNOC OG'!$D:$D,IF(ChangeLog[[#This Row],[Games]]="Commonweatlh Games",'SNOC CW Games'!$D:$D,'SNOC AG'!$D:$D))),ChangeLog[[#This Row],[Orig Row]])="","",INDEX(IF(ChangeLog[[#This Row],[Games]]="SEA Games",'SNOC SEAG'!$D:$D,IF(ChangeLog[[#This Row],[Games]]="Olympic Games",'SNOC OG'!$D:$D,IF(ChangeLog[[#This Row],[Games]]="Commonweatlh Games",'SNOC CW Games'!$D:$D,'SNOC AG'!$D:$D))),ChangeLog[[#This Row],[Orig Row]])),""))} -> Bronze | L46: =IFERROR(IF(INDEX('Consolidated Games'!$D:$D,MATCH(ChangeLog[[#This Row],[ROW_ID]],'Consolidated Games'!$T:$T,0))="","",INDEX('Consolidated Games'!$D:$D,MATCH(ChangeLog[[#This Row],[ROW_ID]],'Consolidated Games'!$T:$T,0))),"") -> SWIMMING | M46: =IFERROR(IF(INDEX('Consolidated Games'!$E:$E,MATCH(ChangeLog[[#This Row],[ROW_ID]],'Consolidated Games'!$T:$T,0))="","",INDEX('Consolidated Games'!$E:$E,MATCH(ChangeLog[[#This Row],[ROW_ID]],'Consolidated Games'!$T:$T,0))),"") -> SWIMMING | N46: {=IF(NOT(ISNUMBER(ChangeLog[[#This Row],[Clean Row]])),"",IFERROR(IF(INDEX('Consolidated Games'!$G:$G,ChangeLog[[#This Row],[Clean Row]])="","",INDEX('Consolidated Games'!$G:$G,ChangeLog[[#This Row],[Clean Row]])),""))} -> 100M BREASTSTROKE | O46: =IFERROR(IF(INDEX('Consolidated Games'!$M:$M,MATCH(ChangeLog[[#This Row],[ROW_ID]],'Consolidated Games'!$T:$T,0))="","",INDEX('Consolidated Games'!$M:$M,MATCH(ChangeLog[[#This Row],[ROW_ID]],'Consolidated Games'!$T:$T,0))),"") -> BRONZE | P46: {=IF(NOT(ISNUMBER(ChangeLog[[#This Row],[Clean Row]])),"",IFERROR(IF(INDEX('Consolidated Games'!$J:$J,ChangeLog[[#This Row],[Clean Row]])="","",INDEX('Consolidated Games'!$J:$J,ChangeLog[[#This Row],[Clean Row]])),""))} -> KHONG YIU LAN | Q46: 498 | R46: =IFERROR(MATCH(T46,'Consolidated Games'!$T:$T,0),"—") -> 1113 | S46: Accept | T46: 1109
A47: 43 | B47: Modified | D47: SEA Games | E47: {=IF(NOT(ISNUMBER(ChangeLog[[#This Row],[Orig Row]])),"",IFERROR(INDEX(IF(ChangeLog[[#This Row],[Games]]="SEA Games",'SNOC SEAG'!$A:$A,IF(ChangeLog[[#This Row],[Games]]="Olympic Games",'SNOC OG'!$A:$A,IF(ChangeLog[[#This Row],[Games]]="Commonweatlh Games",'SNOC CW Games'!$A:$A,'SNOC AG'!$A:$A))),ChangeLog[[#This Row],[Orig Row]]),""))} -> Singapore | F47: 1975 | G47: Sport | H47: Changed from Swimming to Water Polo as Sport | I47: {=IF(NOT(ISNUMBER(ChangeLog[[#This Row],[Orig Row]])),"",IFERROR(IF(INDEX(IF(ChangeLog[[#This Row],[Games]]="SEA Games",'SNOC SEAG'!$B:$B,IF(ChangeLog[[#This Row],[Games]]="Olympic Games",'SNOC OG'!$B:$B,IF(ChangeLog[[#This Row],[Games]]="Commonweatlh Games",'SNOC CW Games'!$B:$B,'SNOC AG'!$B:$B))),ChangeLog[[#This Row],[Orig Row]])="","",INDEX(IF(ChangeLog[[#This Row],[Games]]="SEA Games",'SNOC SEAG'!$B:$B,IF(ChangeLog[[#This Row],[Games]]="Olympic Games",'SNOC OG'!$B:$B,IF(ChangeLog[[#This Row],[Games]]="Commonweatlh Games",'SNOC CW Games'!$B:$B,'SNOC AG'!$B:$B))),ChangeLog[[#This Row],[Orig Row]])),""))} -> Swimming | J47: {=IF(NOT(ISNUMBER(ChangeLog[[#This Row],[Orig Row]])),"",IFERROR(IF(INDEX(IF(ChangeLog[[#This Row],[Games]]="SEA Games",'SNOC SEAG'!$C:$C,IF(ChangeLog[[#This Row],[Games]]="Olympic Games",'SNOC OG'!$C:$C,IF(ChangeLog[[#This Row],[Games]]="Commonweatlh Games",'SNOC CW Games'!$C:$C,'SNOC AG'!$C:$C))),ChangeLog[[#This Row],[Orig Row]])="","",INDEX(IF(ChangeLog[[#This Row],[Games]]="SEA Games",'SNOC SEAG'!$C:$C,IF(ChangeLog[[#This Row],[Games]]="Olympic Games",'SNOC OG'!$C:$C,IF(ChangeLog[[#This Row],[Games]]="Commonweatlh Games",'SNOC CW Games'!$C:$C,'SNOC AG'!$C:$C))),ChangeLog[[#This Row],[Orig Row]])),""))} -> Waterpolo | K47: {=IF(NOT(ISNUMBER(ChangeLog[[#This Row],[Orig Row]])),"",IFERROR(IF(INDEX(IF(ChangeLog[[#This Row],[Games]]="SEA Games",'SNOC SEAG'!$D:$D,IF(ChangeLog[[#This Row],[Games]]="Olympic Games",'SNOC OG'!$D:$D,IF(ChangeLog[[#This Row],[Games]]="Commonweatlh Games",'SNOC CW Games'!$D:$D,'SNOC AG'!$D:$D))),ChangeLog[[#This Row],[Orig Row]])="","",INDEX(IF(ChangeLog[[#This Row],[Games]]="SEA Games",'SNOC SEAG'!$D:$D,IF(ChangeLog[[#This Row],[Games]]="Olympic Games",'SNOC OG'!$D:$D,IF(ChangeLog[[#This Row],[Games]]="Commonweatlh Games",'SNOC CW Games'!$D:$D,'SNOC AG'!$D:$D))),ChangeLog[[#This Row],[Orig Row]])),""))} -> Gold | L47: =IFERROR(IF(INDEX('Consolidated Games'!$D:$D,MATCH(ChangeLog[[#This Row],[ROW_ID]],'Consolidated Games'!$T:$T,0))="","",INDEX('Consolidated Games'!$D:$D,MATCH(ChangeLog[[#This Row],[ROW_ID]],'Consolidated Games'!$T:$T,0))),"") -> WATER POLO | M47: =IFERROR(IF(INDEX('Consolidated Games'!$E:$E,MATCH(ChangeLog[[#This Row],[ROW_ID]],'Consolidated Games'!$T:$T,0))="","",INDEX('Consolidated Games'!$E:$E,MATCH(ChangeLog[[#This Row],[ROW_ID]],'Consolidated Games'!$T:$T,0))),"") -> WATER POLO | N47: {=IF(NOT(ISNUMBER(ChangeLog[[#This Row],[Clean Row]])),"",IFERROR(IF(INDEX('Consolidated Games'!$G:$G,ChangeLog[[#This Row],[Clean Row]])="","",INDEX('Consolidated Games'!$G:$G,ChangeLog[[#This Row],[Clean Row]])),""))} -> TEAM | O47: =IFERROR(IF(INDEX('Consolidated Games'!$M:$M,MATCH(ChangeLog[[#This Row],[ROW_ID]],'Consolidated Games'!$T:$T,0))="","",INDEX('Consolidated Games'!$M:$M,MATCH(ChangeLog[[#This Row],[ROW_ID]],'Consolidated Games'!$T:$T,0))),"") -> GOLD | P47: {=IF(NOT(ISNUMBER(ChangeLog[[#This Row],[Clean Row]])),"",IFERROR(IF(INDEX('Consolidated Games'!$J:$J,ChangeLog[[#This Row],[Clean Row]])="","",INDEX('Consolidated Games'!$J:$J,ChangeLog[[#This Row],[Clean Row]])),""))} -> SINGAPORE | Q47: 646 | R47: =IFERROR(MATCH(T47,'Consolidated Games'!$T:$T,0),"—") -> 1246 | S47: Accept | T47: 1242
A48: 44 | B48: Modified | D48: SEA Games | E48: {=IF(NOT(ISNUMBER(ChangeLog[[#This Row],[Orig Row]])),"",IFERROR(INDEX(IF(ChangeLog[[#This Row],[Games]]="SEA Games",'SNOC SEAG'!$A:$A,IF(ChangeLog[[#This Row],[Games]]="Olympic Games",'SNOC OG'!$A:$A,IF(ChangeLog[[#This Row],[Games]]="Commonweatlh Games",'SNOC CW Games'!$A:$A,'SNOC AG'!$A:$A))),ChangeLog[[#This Row],[Orig Row]]),""))} -> Nora Tay | F48: 1975 | G48: Sport | H48: Changed from Swimming to Diving as Sport | I48: {=IF(NOT(ISNUMBER(ChangeLog[[#This Row],[Orig Row]])),"",IFERROR(IF(INDEX(IF(ChangeLog[[#This Row],[Games]]="SEA Games",'SNOC SEAG'!$B:$B,IF(ChangeLog[[#This Row],[Games]]="Olympic Games",'SNOC OG'!$B:$B,IF(ChangeLog[[#This Row],[Games]]="Commonweatlh Games",'SNOC CW Games'!$B:$B,'SNOC AG'!$B:$B))),ChangeLog[[#This Row],[Orig Row]])="","",INDEX(IF(ChangeLog[[#This Row],[Games]]="SEA Games",'SNOC SEAG'!$B:$B,IF(ChangeLog[[#This Row],[Games]]="Olympic Games",'SNOC OG'!$B:$B,IF(ChangeLog[[#This Row],[Games]]="Commonweatlh Games",'SNOC CW Games'!$B:$B,'SNOC AG'!$B:$B))),ChangeLog[[#This Row],[Orig Row]])),""))} -> Swimming | J48: {=IF(NOT(ISNUMBER(ChangeLog[[#This Row],[Orig Row]])),"",IFERROR(IF(INDEX(IF(ChangeLog[[#This Row],[Games]]="SEA Games",'SNOC SEAG'!$C:$C,IF(ChangeLog[[#This Row],[Games]]="Olympic Games",'SNOC OG'!$C:$C,IF(ChangeLog[[#This Row],[Games]]="Commonweatlh Games",'SNOC CW Games'!$C:$C,'SNOC AG'!$C:$C))),ChangeLog[[#This Row],[Orig Row]])="","",INDEX(IF(ChangeLog[[#This Row],[Games]]="SEA Games",'SNOC SEAG'!$C:$C,IF(ChangeLog[[#This Row],[Games]]="Olympic Games",'SNOC OG'!$C:$C,IF(ChangeLog[[#This Row],[Games]]="Commonweatlh Games",'SNOC CW Games'!$C:$C,'SNOC AG'!$C:$C))),ChangeLog[[#This Row],[Orig Row]])),""))} -> Springboard Diving | K48: {=IF(NOT(ISNUMBER(ChangeLog[[#This Row],[Orig Row]])),"",IFERROR(IF(INDEX(IF(ChangeLog[[#This Row],[Games]]="SEA Games",'SNOC SEAG'!$D:$D,IF(ChangeLog[[#This Row],[Games]]="Olympic Games",'SNOC OG'!$D:$D,IF(ChangeLog[[#This Row],[Games]]="Commonweatlh Games",'SNOC CW Games'!$D:$D,'SNOC AG'!$D:$D))),ChangeLog[[#This Row],[Orig Row]])="","",INDEX(IF(ChangeLog[[#This Row],[Games]]="SEA Games",'SNOC SEAG'!$D:$D,IF(ChangeLog[[#This Row],[Games]]="Olympic Games",'SNOC OG'!$D:$D,IF(ChangeLog[[#This Row],[Games]]="Commonweatlh Games",'SNOC CW Games'!$D:$D,'SNOC AG'!$D:$D))),ChangeLog[[#This Row],[Orig Row]])),""))} -> Silver | L48: =IFERROR(IF(INDEX('Consolidated Games'!$D:$D,MATCH(ChangeLog[[#This Row],[ROW_ID]],'Consolidated Games'!$T:$T,0))="","",INDEX('Consolidated Games'!$D:$D,MATCH(ChangeLog[[#This Row],[ROW_ID]],'Consolidated Games'!$T:$T,0))),"") -> DIVING | M48: =IFERROR(IF(INDEX('Consolidated Games'!$E:$E,MATCH(ChangeLog[[#This Row],[ROW_ID]],'Consolidated Games'!$T:$T,0))="","",INDEX('Consolidated Games'!$E:$E,MATCH(ChangeLog[[#This Row],[ROW_ID]],'Consolidated Games'!$T:$T,0))),"") -> DIVING | N48: {=IF(NOT(ISNUMBER(ChangeLog[[#This Row],[Clean Row]])),"",IFERROR(IF(INDEX('Consolidated Games'!$G:$G,ChangeLog[[#This Row],[Clean Row]])="","",INDEX('Consolidated Games'!$G:$G,ChangeLog[[#This Row],[Clean Row]])),""))} -> 3M SPRINGBOARD | O48: =IFERROR(IF(INDEX('Consolidated Games'!$M:$M,MATCH(ChangeLog[[#This Row],[ROW_ID]],'Consolidated Games'!$T:$T,0))="","",INDEX('Consolidated Games'!$M:$M,MATCH(ChangeLog[[#This Row],[ROW_ID]],'Consolidated Games'!$T:$T,0))),"") -> SILVER | P48: {=IF(NOT(ISNUMBER(ChangeLog[[#This Row],[Clean Row]])),"",IFERROR(IF(INDEX('Consolidated Games'!$J:$J,ChangeLog[[#This Row],[Clean Row]])="","",INDEX('Consolidated Games'!$J:$J,ChangeLog[[#This Row],[Clean Row]])),""))} -> NORA TAY | Q48: 659 | R48: =IFERROR(MATCH(T48,'Consolidated Games'!$T:$T,0),"—") -> 1247 | S48: Accept | T48: 1243
A49: 45 | B49: Modified | D49: SEA Games | E49: {=IF(NOT(ISNUMBER(ChangeLog[[#This Row],[Orig Row]])),"",IFERROR(INDEX(IF(ChangeLog[[#This Row],[Games]]="SEA Games",'SNOC SEAG'!$A:$A,IF(ChangeLog[[#This Row],[Games]]="Olympic Games",'SNOC OG'!$A:$A,IF(ChangeLog[[#This Row],[Games]]="Commonweatlh Games",'SNOC CW Games'!$A:$A,'SNOC AG'!$A:$A))),ChangeLog[[#This Row],[Orig Row]]),""))} -> Jullian Yeo See Teck | F49: 1975 | G49: Sport | H49: Yachting changed to Sailing | I49: {=IF(NOT(ISNUMBER(ChangeLog[[#This Row],[Orig Row]])),"",IFERROR(IF(INDEX(IF(ChangeLog[[#This Row],[Games]]="SEA Games",'SNOC SEAG'!$B:$B,IF(ChangeLog[[#This Row],[Games]]="Olympic Games",'SNOC OG'!$B:$B,IF(ChangeLog[[#This Row],[Games]]="Commonweatlh Games",'SNOC CW Games'!$B:$B,'SNOC AG'!$B:$B))),ChangeLog[[#This Row],[Orig Row]])="","",INDEX(IF(ChangeLog[[#This Row],[Games]]="SEA Games",'SNOC SEAG'!$B:$B,IF(ChangeLog[[#This Row],[Games]]="Olympic Games",'SNOC OG'!$B:$B,IF(ChangeLog[[#This Row],[Games]]="Commonweatlh Games",'SNOC CW Games'!$B:$B,'SNOC AG'!$B:$B))),ChangeLog[[#This Row],[Orig Row]])),""))} -> Yachting | J49: {=IF(NOT(ISNUMBER(ChangeLog[[#This Row],[Orig Row]])),"",IFERROR(IF(INDEX(IF(ChangeLog[[#This Row],[Games]]="SEA Games",'SNOC SEAG'!$C:$C,IF(ChangeLog[[#This Row],[Games]]="Olympic Games",'SNOC OG'!$C:$C,IF(ChangeLog[[#This Row],[Games]]="Commonweatlh Games",'SNOC CW Games'!$C:$C,'SNOC AG'!$C:$C))),ChangeLog[[#This Row],[Orig Row]])="","",INDEX(IF(ChangeLog[[#This Row],[Games]]="SEA Games",'SNOC SEAG'!$C:$C,IF(ChangeLog[[#This Row],[Games]]="Olympic Games",'SNOC OG'!$C:$C,IF(ChangeLog[[#This Row],[Games]]="Commonweatlh Games",'SNOC CW Games'!$C:$C,'SNOC AG'!$C:$C))),ChangeLog[[#This Row],[Orig Row]])),""))} -> Super Mod | K49: {=IF(NOT(ISNUMBER(ChangeLog[[#This Row],[Orig Row]])),"",IFERROR(IF(INDEX(IF(ChangeLog[[#This Row],[Games]]="SEA Games",'SNOC SEAG'!$D:$D,IF(ChangeLog[[#This Row],[Games]]="Olympic Games",'SNOC OG'!$D:$D,IF(ChangeLog[[#This Row],[Games]]="Commonweatlh Games",'SNOC CW Games'!$D:$D,'SNOC AG'!$D:$D))),ChangeLog[[#This Row],[Orig Row]])="","",INDEX(IF(ChangeLog[[#This Row],[Games]]="SEA Games",'SNOC SEAG'!$D:$D,IF(ChangeLog[[#This Row],[Games]]="Olympic Games",'SNOC OG'!$D:$D,IF(ChangeLog[[#This Row],[Games]]="Commonweatlh Games",'SNOC CW Games'!$D:$D,'SNOC AG'!$D:$D))),ChangeLog[[#This Row],[Orig Row]])),""))} -> Bronze | L49: =IFERROR(IF(INDEX('Consolidated Games'!$D:$D,MATCH(ChangeLog[[#This Row],[ROW_ID]],'Consolidated Games'!$T:$T,0))="","",INDEX('Consolidated Games'!$D:$D,MATCH(ChangeLog[[#This Row],[ROW_ID]],'Consolidated Games'!$T:$T,0))),"") -> SAILING | M49: =IFERROR(IF(INDEX('Consolidated Games'!$E:$E,MATCH(ChangeLog[[#This Row],[ROW_ID]],'Consolidated Games'!$T:$T,0))="","",INDEX('Consolidated Games'!$E:$E,MATCH(ChangeLog[[#This Row],[ROW_ID]],'Consolidated Games'!$T:$T,0))),"") -> SAILING | N49: {=IF(NOT(ISNUMBER(ChangeLog[[#This Row],[Clean Row]])),"",IFERROR(IF(INDEX('Consolidated Games'!$G:$G,ChangeLog[[#This Row],[Clean Row]])="","",INDEX('Consolidated Games'!$G:$G,ChangeLog[[#This Row],[Clean Row]])),""))} -> SUPER MOD | O49: =IFERROR(IF(INDEX('Consolidated Games'!$M:$M,MATCH(ChangeLog[[#This Row],[ROW_ID]],'Consolidated Games'!$T:$T,0))="","",INDEX('Consolidated Games'!$M:$M,MATCH(ChangeLog[[#This Row],[ROW_ID]],'Consolidated Games'!$T:$T,0))),"") -> BRONZE | P49: {=IF(NOT(ISNUMBER(ChangeLog[[#This Row],[Clean Row]])),"",IFERROR(IF(INDEX('Consolidated Games'!$J:$J,ChangeLog[[#This Row],[Clean Row]])="","",INDEX('Consolidated Games'!$J:$J,ChangeLog[[#This Row],[Clean Row]])),""))} -> JULLIAN YEO SEE TECK | Q49: 674 | R49: =IFERROR(MATCH(T49,'Consolidated Games'!$T:$T,0),"—") -> 1344 | S49: Accept | T49: 1341
